Workbook

Sheet 01_MASTER_DATABASE
A1: ID | B1: Nhóm phân khúc | C1: Mã Hệ (System Code) | D1: Hãng Sản Xuất | E1: Quốc Gia | F1: Tiêu Chuẩn | G1: Loại Cửa | H1: Kiểu Mở | I1: Loại Profile | J1: Công Năng | K1: Ứng Dụng Công Trình | L1: Độ Dày Nhôm (mm) | M1: Kính Tương Thích | N1: Kính Tối Đa | O1: Kích Thước Tối Đa (W×H) | P1: Tải Trọng Cánh (kg) | Q1: Chuẩn Phụ Kiện | R1: Gioăng & Keo Lắp Đặt | S1: Bề Mặt & Đặc Tính | T1: Ưu Điểm | U1: Nhược Điểm | V1: Có CAD | W1: Có Shopdrawing | X1: Có Catalogue | Y1: Có HD Lắp Đặt | Z1: Tình Trạng | AA1: Hoàn Thiện (%) | AB1: Link Website | AC1: Link Catalogue PDF | AD1: Link Bản Vẽ CAD | AE1: Link Bản Vẽ CAD
A2: VP-001 | B2: Phổ thông | C2: Việt Pháp 450 | D2: Việt Pháp | E2: Việt Nam | F2: TCVN | G2: Cửa đi | H2: Mở quay | I2: Khung bản sập rời 450mm + Cánh | J2: Nội/Ngoại thất | K2: Nhà cấp 4, nhà phố giá rẻ, nhà xưởng | L2: 1.2 | M2: Kính đơn 5-10mm | N2: 10mm | O2: 1100×2200 | P2: 80 | Q2: Chốt gạt Việt Pháp / Kinlong rãnh 22 | R2: Gioăng EPDM đơn / Silicon Apollo | S2: Sơn tĩnh điện bóng/mờ | T2: Giá thành rẻ, phổ biến rộng rãi, cực kỳ dễ gia công bằng máy dập thường | U2: Bản cánh mỏng chống rung gió yếu, cách âm trung bình | V2: ✓ | W2: ✗ | X2: ✓ | Y2: ✓ | Z2: Hoàn thành | AA2: 85 | AB2: https://vietphapshal.com.vn | AC2: https://nhomkinhdaiphuc.com/catalogue/catalogue-nhom-viet-phap-shal-18.html
A3: VP-002 | B3: Phổ thông | C3: Việt Pháp 4400 | D3: Việt Pháp | E3: Việt Nam | F3: TCVN | G3: Cửa sổ | H3: Mở quay + Mở hất | I3: Khung bản nhỏ 4400mm + Cánh | J3: Nội/Ngoại thất | K3: Cửa sổ phụ nhà dân, vách ngăn phòng | L3: 1.1 | M3: Kính đơn 5-10mm | N3: 10mm | O3: 1000×1400 | P3: 60 | Q3: Khớp chốt Việt Pháp / Kinlong | R3: Gioăng cao su chèn sập / Apollo | S3: Sơn tĩnh điện bóng/mờ | T3: Bản nhôm mỏng nhẹ, chi phí siêu rẻ, dễ gia công nhanh chóng | U3: Độ kín nước và chắn rung gió bão kém | V3: ✓ | W3: ✗ | X3: ✓ | Y3: ✓ | Z3: Hoàn thành | AA3: 85 | AB3: https://vietphapshal.com.vn | AC3: https://nhomkinhdaiphuc.com/catalogue/catalogue-nhom-viet-phap-shal-18.html
A4: VP-003 | B4: Phổ thông | C4: Việt Pháp 2600 | D4: Việt Pháp | E4: Việt Nam | F4: TCVN | G4: Cửa đi + Cửa sổ | H4: Trượt lùa (Sliding) | I4: Khung lùa 2600mm 2 ray | J4: Ngoại thất | K4: Căn hộ chung cư, nhà phố bình dân | L4: 1.1 | M4: Kính đơn 5-10mm | N4: 10mm | O4: 2400×2000 | P4: 70 | Q4: Bánh xe đơn trượt & khóa sập Việt Pháp | R4: Gioăng chèn nỉ mỏng | S4: Sơn tĩnh điện bóng/mờ | T4: Giá thành rẻ, tiết kiệm 100% diện tích không gian đóng mở | U4: Kết cấu mỏng nhẹ, trượt không đầm tay, ray nhôm dễ mòn | V4: ✓ | W4: ✗ | X4: ✓ | Y4: ✓ | Z4: Hoàn thành | AA4: 85 | AB4: https://vietphapshal.com.vn | AC4: https://nhomkinhdaiphuc.com/catalogue/catalogue-nhom-viet-phap-shal-18.html
A5: VP-004 | B5: Tầm trung | C5: Shal 55 | D5: Việt Pháp | E5: Việt Nam | F5: TCVN | G5: Cửa đi + Cửa sổ | H5: Mở quay | I5: Khung phẳng rãnh C 55mm | J5: Nội/Ngoại thất | K5: Nhà phố tầm trung, văn phòng công ty | L5: 1.2 | M5: Kính đơn 6-12mm / Kính hộp | N5: 20mm | O5: 1400×2400 | P5: 100 | Q5: Phụ kiện PMA/Draho rãnh C Châu Âu | R5: Gioăng EPDM kép / Silicon Apollo | S5: Sơn tĩnh điện AkzoNobel | T5: Thiết kế phẳng phiu giống Xingfa hiện đại, khắc phục thẩm mỹ hệ 450 | U5: Phân khúc cạnh tranh khốc liệt với nhôm cỏ trong nước | V5: ✓ | W5: ✓ | X5: ✓ | Y5: ✓ | Z5: Hoàn thành | AA5: 80 | AB5: https://vietphapshal.com.vn | AC5: https://nhomkinhdaiphuc.com/catalogue/catalogue-nhom-viet-phap-shal-18.html
A6: VP-005 | B6: Mặt dựng | C6: Việt Pháp 1100 | D6: Việt Pháp | E6: Việt Nam | F6: TCVN | G6: Vách mặt dựng | H6: Cố định (Fixed Curtain Wall) | I6: Xương mặt dựng Stick 1100 | J6: Ngoại thất | K6: Showroom, tòa nhà văn phòng trung tầng | L6: 1.5 | M6: Kính cường lực 10-12mm / Kính hộp | N6: 24mm | O6: Không giới hạn | P6: 400 | Q6: Ke chịu lực & bulong inox SUS304 | R6: Silicon kết cấu chịu thời tiết | S6: Sơn tĩnh điện bảo hành 10 năm | T6: Thi công lắp dựng ngoài công trường đơn giản, chi phí hợp lý | U6: Độ kín nước phụ thuộc lớn vào chất lượng đi keo tại công trình | V6: ✓ | W6: ✓ | X6: ✓ | Y6: ✓ | Z6: Hoàn thành | AA6: 80 | AB6: https://vietphapshal.com.vn | AC6: https://nhomkinhdaiphuc.com/catalogue/catalogue-nhom-viet-phap-shal-18.html
A7: VP-006 | B7: Cao cấp Premium | C7: Shal Premium | D7: Việt Pháp | E7: Việt Nam | F7: TCVN | G7: Cửa đi + Cửa sổ | H7: Mở quay | I7: Khung rãnh C chuẩn Châu Âu | J7: Ngoại thất | K7: Biệt thự, căn hộ cao cấp ven biển | L7: 1.6 | M7: Kính đơn/hộp 8-32mm | N7: 32mm | O7: 1600×2800 | P7: 150 | Q7: Phụ kiện CMECH / Roto rãnh C Châu Âu | R7: Gioăng EPDM đa khoang / Silicon Dow | S7: Sơn tĩnh điện bảo hành 30 năm | T7: Chất lượng sơn cao cấp bảo hành 30 năm chống muối biển, liên doanh Pháp | U7: Giá thành cao phân khúc biệt thự Luxury | V7: ✓ | W7: ✓ | X7: ✓ | Y7: ✓ | Z7: Hoàn thành | AA7: 80 | AB7: https://vietphapshal.com.vn | AC7: https://nhomkinhdaiphuc.com/catalogue/catalogue-nhom-viet-phap-shal-18.html
A8: PM-001 | B8: Phổ thông Vát cạnh | C8: PMA 55 | D8: PMA | E8: Việt Nam | F8: TCVN | G8: Cửa đi + Cửa sổ | H8: Mở quay + Mở hất | I8: Khung vát cạnh 55mm + Cánh | J8: Nội/Ngoại thất | K8: Nhà phố phổ thông, chung cư, trường học | L8: 1.2 | M8: 5-12mm | N8: 12mm | O8: 1200×2200 | P8: 80 | Q8: Rãnh 22mm đồng bộ | R8: Gioăng EPDM đơn / Silicon Apollo | S8: Sơn tĩnh điện bóng/mờ | T8: Giá thành hợp lý, dễ gia công, linh kiện phổ thông, phù hợp nhà phố | U8: Không phải rãnh C, cách âm thấp hơn hệ cao cấp, không phù hợp cánh quá lớn | V8: ✓ | W8: ✗ | X8: ✓ | Y8: ✓ | Z8: Hoàn thành | AA8: 85 | AB8: https://pma.com.vn | AC8: https://nhomkinhdaiphuc.com/catalogue/catalogue-nhom-pma.html
A9: PM-002 | B9: Cao cấp Platinum | C9: PMA Platinum | D9: PMA | E9: Việt Nam | F9: TCVN | G9: Cửa đi + Cửa sổ | H9: Mở quay | I9: Phào kép nghệ thuật ôm khít khuôn cửa | J9: Nội/Ngoại thất | K9: Biệt thự vườn, biệt thự phố cao cấp | L9: 1.4 | M9: Kính đơn 8-12mm, kính hộp | N9: 24mm | O9: 1600×2800 | P9: 150 | Q9: Rãnh C Châu Âu đồng bộ | R9: Gioăng EPDM đa khoang / Silicon Dow | S9: Sơn tĩnh điện cao cấp AkzoNobel | T9: Cánh phẳng, thiết kế hiện đại, phụ kiện đồng bộ, độ kín nước cao | U9: Chi phí cao, yêu cầu gia công chính xác | V9: ✓ | W9: ✓ | X9: ✓ | Y9: ✓ | Z9: Hoàn thành | AA9: 80 | AB9: https://pma.com.vn | AC9: https://nhomkinhdaiphuc.com/catalogue/catalogue-nhom-pma.html
A10: PM-003 | B10: Rãnh C Classic | C10: PMA Classic 58 | D10: PMA | E10: Việt Nam | F10: TCVN | G10: Cửa đi + Cửa sổ | H10: Mở quay + Mở hất | I10: Khung rãnh C 58mm + Cánh | J10: Nội/Ngoại thất | K10: Căn hộ chung cư cao cấp, văn phòng | L10: 1.3 | M10: Kính đơn/hộp 5-28mm | N10: 28mm | O10: 1400×2600 | P10: 100 | Q10: Rãnh C Châu Âu | R10: Gioăng EPDM đa khoang / Silicon Sika | S10: Sơn tĩnh điện bảo hành 10-15 năm | T10: Tương thích phụ kiện rãnh C Châu Âu, cách âm tốt | U10: Giá trung cấp | V10: ✓ | W10: ✓ | X10: ✓ | Y10: ✓ | Z10: Hoàn thành | AA10: 80 | AB10: https://pma.com.vn | AC10: https://nhomkinhdaiphuc.com/catalogue/catalogue-nhom-pma.html
A11: PM-004 | B11: Rãnh C Classic | C11: PMA 65 | D11: PMA | E11: Việt Nam | F11: TCVN | G11: Cửa đi + Cửa sổ | H11: Mở quay | I11: Khung 65mm + Cánh bản lớn | J11: Ngoại thất | K11: Ứng dụng công nghiệp nặng, kết cấu chịu tải lớn | L11: 2 | M11: Kính đơn/hộp 6-30mm | N11: 30mm | O11: 1500×2600 | P11: 120 | Q11: Rãnh C Châu Âu | R11: Gioăng EPDM đa khoang / Sika | S11: Sơn tĩnh điện bảo hành 10-15 năm | T11: Bản dày chắc khỏe hơn hệ 58, thích ứng tốt cho ứng dụng chịu lực vặn lớn | U11: Trọng lượng lớn hơn, giá nhôm thanh cao hơn | V11: ✓ | W11: ✓ | X11: ✓ | Y11: ✓ | Z11: Hoàn thành | AA11: 80 | AB11: https://pma.com.vn | AC11: https://nhomkinhdaiphuc.com/catalogue/catalogue-nhom-pma.html
A12: PM-005 | B12: Rãnh C Classic | C12: PMA 75 | D12: PMA | E12: Việt Nam | F12: TCVN | G12: Cửa đi | H12: Mở quay | I12: Khung 75mm dày dặn | J12: Ngoại thất | K12: Hệ thống đóng tự động, khu vận chuyển công nghiệp nặng, biệt thự mặt phố chịu gió lớn | L12: 2.5 | M12: Kính hộp đến 32mm | N12: 32mm | O12: 1800×2800 | P12: 150 | Q12: Rãnh C Châu Âu | R12: Gioăng EPDM kép chèn / Silicon Dow | S12: Sơn tĩnh điện bảo hành 15 năm | T12: Khả năng chịu áp lực tải trọng siêu nặng, chịu bão cấp cao ngoại thất | U12: Chi phí đầu tư cao, nặng | V12: ✓ | W12: ✓ | X12: ✓ | Y12: ✓ | Z12: Hoàn thành | AA12: 80 | AB12: https://pma.com.vn | AC12: https://nhomkinhdaiphuc.com/catalogue/catalogue-nhom-pma.html
A13: PM-006 | B13: Trượt lùa Trung cấp | C13: PMA 93 | D13: PMA | E13: Việt Nam | F13: TCVN | G13: Cửa đi | H13: Trượt lùa (Sliding) | I13: Khung lùa 93mm 2 ray/3 ray | J13: Ngoại thất | K13: Căn hộ, văn phòng, nhà phố | L13: 1.4 | M13: Kính đơn/hộp 6-20mm | N13: 20mm | O13: 3000×2400 | P13: 100 | Q13: Bánh xe trượt PMA đồng bộ | R13: Gioăng EPDM kép / Apollo A500 | S13: Sơn tĩnh điện bóng/mờ | T13: Giá bình dân, tối ưu diện tích không gian đóng mở | U13: Độ kín khít cách âm ở mức trung bình | V13: ✓ | W13: ✗ | X13: ✓ | Y13: ✓ | Z13: Hoàn thành | AA13: 80 | AB13: https://pma.com.vn | AC13: https://nhomkinhdaiphuc.com/catalogue/catalogue-nhom-pma.html
... A25: PM-018 | B25: Phổ thông | C25: PMA 72 | D25: PMA | E25: Việt Nam | F25: TCVN | G25: Cửa đi kích thước lớn | H25: Mở quay | I25: Khung bao dày bản lớn | J25: Ngoại thất | K25: Cửa chính mở rộng, cửa ban công khẩu độ lớn biệt thự biển | L25: 2 | M25: Kính cường lực 10-15mm / Kính hộp | N25: 28mm | O25: 1800×2800 | P25: 150 | Q25: Bản lề cối chịu lực & khóa đa điểm | R25: Gioăng đúc xốp kép / Sika | S25: Sơn tĩnh điện AkzoNobel bảo hành 15 năm | T25: Thanh profile cực dày chống rung chấn, vững chãi đóng mở khẩu độ rộng | U25: Cánh nặng nề, chi phí phụ kiện kim khí lớn | V25: ✓ | W25: ✓ | X25: ✓ | Y25: ✓ | Z25: Hoàn thành | AA25: 80 | AB25: https://pma.com.vn | AC25: https://nhomkinhdaiphuc.com/catalogue/catalogue-nhom-pma.html
A26: KG-001 | B26: Xếp trượt Cao cấp | C26: Kogen Slim 50/68 | D26: Kogen | E26: Đức/Việt Nam | F26: EN Châu Âu | G26: Cửa đi | H26: Xếp trượt ẩn bản lề (Hidden Hinge) | I26: Khung mỏng rãnh C ẩn bản lề | J26: Ngoại thất | K26: Biệt thự, penthouse, resort | L26: 1.6 | M26: Kính đơn 8-12mm, kính hộp | N26: 28mm | O26: 5000×2800 | P26: 80 | Q26: Rãnh C Châu Âu đồng bộ Kogen | R26: Gioăng EPDM đa khoang / Silicon Dow | S26: Sơn tĩnh điện hạt mịn chống UV | T26: Bản lề ẩn hoàn toàn khi đóng tạo bề mặt phẳng tinh tế Bauhaus | U26: Gia công cần dưỡng chuyên dụng khoét bản lề ẩn | V26: ✓ | W26: ✓ | X26: ✓ | Y26: ✓ | Z26: Hoàn thành | AA26: 85 | AB26: https://kogen.vn
A27: KG-002 | B27: Slim Ngoại thất Cao cấp | C27: Kogen Slim Lùa | D27: Kogen | E27: Đức/Việt Nam | F27: EN Châu Âu | G27: Cửa đi | H27: Trượt lùa (Sliding Panorama) | I27: Khung cánh siêu mỏng ray inox | J27: Ngoại thất | K27: Biệt thự hướng biển, ban công panorama | L27: 2 | M27: Kính cường lực 10-15mm, kính hộp | N27: 32mm | O27: 6000×3000 | P27: 150 | Q27: Ray inox SUS316L + Bánh xe chịu tải | R27: Gioăng EPDM kép / Dow Corning | S27: Sơn tĩnh điện hạt mịn màu xám ghi | T27: Cánh siêu mảnh tối đa hóa tầm nhìn panorama, ray inox trượt rất nhẹ | U27: Chống gió bão cấp trung bình | V27: ✓ | W27: ✓ | X27: ✓ | Y27: ✓ | Z27: Hoàn thành | AA27: 85 | AB27: https://kogen.vn
A28: KG-003 | B28: Anodized Cao cấp | C28: Kogen 60 Đa khoang | D28: Kogen | E28: Đức/Việt Nam | F28: EN | G28: Cửa đi + Cửa sổ | H28: Mở quay (Casement) | I28: Khung 60mm đa khoang rãnh C | J28: Ngoại thất | K28: Nhà phố hiện đại, biệt thự | L28: 1.6 | M28: Kính đơn/hộp 5-28mm | N28: 28mm | O28: 1400×2600 | P28: 100 | Q28: Rãnh C Châu Âu | R28: Gioăng EPDM đa khoang / Silicon Sika | S28: Sơn tĩnh điện hạt mịn màu ghi | T28: Cấu trúc đa khoang chịu lực cực tốt, cách âm 35dB, rãnh C Châu Âu | U28: Không có cầu cách nhiệt trong hệ này | V28: ✓ | W28: ✓ | X28: ✓ | Y28: ✓ | Z28: Hoàn thành | AA28: 80 | AB28: https://kogen.vn
A29: VR-001 | B29: Anodized Phổ thông | C29: VRA55 | D29: Viralwindow | E29: Việt Nam | F29: TCVN 5826 | G29: Cửa đi + Cửa sổ | H29: Mở quay (Casement) | I29: Khung 55mm + Cánh | J29: Nội/Ngoại thất | K29: Nhà phố, chung cư phổ thông | L29: 1.4 | M29: 5-12mm | N29: 12mm | O29: 1200×2400 | P29: 80 | Q29: Rãnh 22mm | R29: Gioăng EPDM đơn / Keo PU + Silicon | S29: Sơn KCC 20 năm – đa màu | T29: Giá cạnh tranh, đa dạng màu sắc, phổ biến miền Nam | U29: Profile mỏng, không phù hợp cửa rộng lớn | V29: ✓ | W29: ✓ | X29: ✓ | Y29: ✓ | Z29: Hoàn thành | AA29: 90 | AB29: https://viralwindow.com
A30: VR-002 | B30: Anodized Trung cấp | C30: VRA64 | D30: Viralwindow | E30: Việt Nam | F30: TCVN 5826 | G30: Cửa sổ | H30: Trượt lùa (Sliding) | I30: Khung 66×42mm + Cánh 70×28mm | J30: Ngoại thất | K30: Nhà phố, chung cư | L30: 1.3 | M30: 5-10mm | N30: 10mm | O30: 2400×1800 | P30: 80 | Q30: Rãnh 22mm | R30: Gioăng EPDM / Silicon | S30: Sơn tĩnh điện đa màu | T30: Trượt nhẹ, giá tốt | U30: Kín khít trung bình | V30: ✓ | W30: ✗ | X30: ✓ | Y30: ✓ | Z30: Hoàn thành | AA30: 80 | AB30: https://viralwindow.com
A31: VR-003 | B31: Anodized Trung cấp | C31: VRA94 | D31: Viralwindow | E31: Việt Nam | F31: TCVN 5826 | G31: Cửa đi | H31: Trượt lùa (Sliding) | I31: Khung 94×44mm + Cánh 80×34mm | J31: Ngoại thất | K31: Nhà phố, biệt thự | L31: 1.4 | M31: 6.38-30mm | N31: 30mm | O31: 4000×2600 | P31: 150 | Q31: Rãnh C (Euro Groove) | R31: Gioăng EPDM kép / Silicon Dow Corning | S31: Sơn KCC, anodized | T31: Phù hợp cửa lùa rộng, cánh chứa kính hộp | U31: Cần bảo trì bánh xe | V31: ✓ | W31: ✓ | X31: ✓ | Y31: ✓ | Z31: Hoàn thành | AA31: 85 | AB31: https://viralwindow.com
A32: VR-004 | B32: Anodized Cao cấp | C32: VRE65 (Cửa sổ) | D32: Viralwindow | E32: Việt Nam | F32: TCVN | G32: Cửa sổ | H32: Mở quay + Mở hất (Casement/Tilt-Turn) | I32: Khung 65×62mm + Cánh 90×75mm | J32: Ngoại thất | K32: Biệt thự, nhà phố cao cấp | L32: 1.8 | M32: 6.38-37mm | N32: 37mm | O32: 1600×2800 | P32: 150 | Q32: Rãnh C Châu Âu | R32: Gioăng EPDM đa khoang / Dow Corning | S32: Anodized ED, sơn AkzoNobel | T32: Hệ Châu Âu chất lượng cao, phụ kiện CMECH nguyên bộ | U32: Giá cao hơn VRA | V32: ✓ | W32: ✓ | X32: ✓ | Y32: ✓ | Z32: Hoàn thành | AA32: 90 | AB32: https://viralwindow.com
A33: VR-005 | B33: Anodized Cao cấp | C33: VRE65 (Cửa đi) | D33: Viralwindow | E33: Việt Nam | F33: TCVN | G33: Cửa đi | H33: Mở quay (Casement) | I33: Khung 65×70mm + Cánh 97×75mm | J33: Ngoại thất | K33: Biệt thự, nhà phố cao cấp | L33: 1.8 | M33: 6.38-37mm | N33: 37mm | O33: 1400×2800 | P33: 180 | Q33: Rãnh C Châu Âu | R33: Gioăng EPDM đa khoang / Dow Corning | S33: Anodized ED, PVDF | T33: Cứng vững, chứa kính hộp lớn, profile thanh lịch | U33: Giá trung-cao | V33: ✓ | W33: ✓ | X33: ✓ | Y33: ✓ | Z33: Hoàn thành | AA33: 90 | AB33: https://viralwindow.com
A34: VR-006 | B34: Anodized Cao cấp | C34: VRE120 | D34: Viralwindow | E34: Việt Nam | F34: TCVN | G34: Cửa đi | H34: Trượt lùa 2 ray (Sliding) | I34: Khung 120×38mm + Cánh 47×95mm | J34: Ngoại thất | K34: Biệt thự, ban công rộng | L34: 2 | M34: 6.38-34mm | N34: 34mm | O34: 5000×2600 | P34: 200 | Q34: Rãnh C Châu Âu | R34: Gioăng EPDM kép / Silicon Dow Corning | S34: Anodized ED chống muối biển | T34: Trượt lùa 2 ray, cánh rộng, kính hộp lớn, bền bỉ biển | U34: Nặng, cần ray thẳng tuyệt đối | V34: ✓ | W34: ✓ | X34: ✓ | Y34: ✓ | Z34: Hoàn thành | AA34: 85 | AB34: https://viralwindow.com
A35: VR-007 | B35: Anodized Cao cấp | C35: VRE180 | D35: Viralwindow | E35: Việt Nam | F35: TCVN | G35: Cửa đi | H35: Trượt lùa 3 ray (Sliding) | I35: Khung 180mm + Cánh 3 ray | J35: Ngoại thất | K35: Biệt thự, resort cao cấp | L35: 2 | M35: Kính hộp đến 36mm | N35: 36mm | O35: 7000×2800 | P35: 250 | Q35: Rãnh C Châu Âu | R35: Gioăng EPDM 3 lớp / Silicon | S35: Anodized ED | T35: Mở 3 cánh song song, không gian rộng tối đa | U35: Chi phí lắp đặt cao | V35: ✓ | W35: ✓ | X35: ✓ | Y35: ✓ | Z35: Hoàn thành | AA35: 80 | AB35: https://viralwindow.com
A36: VR-008 | B36: Thủy lực Siêu cao cấp | C36: VRE Thủy lực | D36: Viralwindow | E36: Việt Nam | F36: TCVN | G36: Cửa đi | H36: Thủy lực (Hydraulic / Zero Gravity) | I36: Khung siêu nặng + Piston thủy lực | J36: Ngoại thất | K36: Biệt thự siêu sang, villa resort | L36: 2 | M36: Kính hộp 36-50mm / Kính cường lực 15-19mm | N36: 19mm | O36: 3500×3500 | P36: 800 | Q36: Thủy lực Biloba/DICTATOR | R36: Keo SG + EPDM giả thép | S36: Anodized ED vàng 24K, đồng đỏ | T36: Cửa siêu rộng, đóng mở bằng một ngón tay nhờ piston thủy lực | U36: Giá 300tr-1 tỷ/bộ, thi công phức tạp | V36: ✓ | W36: ✓ | X36: ✓ | Y36: ✓ | Z36: Hoàn thành | AA36: 85 | AB36: https://viralwindow.com
A37: VR-009 | B37: Lift & Slide Cao cấp | C37: VRE Lift Slide | D37: Viralwindow | E37: Việt Nam | F37: TCVN | G37: Cửa đi | H37: Trượt nâng (Lift & Slide) | I37: Khung + Cánh + Ray đặc biệt | J37: Ngoại thất | K37: Biệt thự, lối ra sân vườn | L37: 2 | M37: Kính hộp 24-48mm | N37: 19mm | O37: 6000×2800 | P37: 400 | Q37: Roto NT / Siegenia LSS | R37: Gioăng EPDM đa khoang / Dow Corning | S37: Anodized, sơn tĩnh điện | T37: Kín hoàn toàn khi đóng, mở nhẹ dù cánh cực nặng | U37: Giá cao, ray thẳng tuyệt đối | V37: ✓ | W37: ✓ | X37: ✓ | Y37: ✓ | Z37: Hoàn thành | AA37: 80 | AB37: https://viralwindow.com
... A51: CV-013 | B51: Curtain Wall Stick | C51: CCW50 Stick | D51: Civro | E51: Việt Nam | F51: EN 13830 | G51: Vách mặt dựng | H51: Cố định (Fixed – Stick System) | I51: Đố đứng + Đố ngang + Nẹp kính lắp tại chỗ | J51: Ngoại thất – Mặt dựng | K51: Văn phòng, TTTM, khách sạn | L51: 2 | M51: Kính hộp 20-36mm / Kính 3 lớp 44mm | N51: 36mm | O51: Không giới hạn | P51: 500 | Q51: Hệ Stick Châu Âu | R51: Silicon kết cấu SG2000 / Sika | S51: Anodized, PVDF | T51: Linh hoạt thiết kế, thi công từng thanh tại chỗ, dễ sửa chữa | U51: Thi công chậm hơn Unitized | V51: ✓ | W51: ✓ | X51: ✓ | Y51: ✓ | Z51: Đang nghiên cứu | AA51: 65 | AB51: https://civrowindow.com
A52: MP-001 | B52: Anodized Phổ thông | C52: R55 | D52: Maxpro JP | E52: Việt Nam | F52: TCVN / JIS A 4702 | G52: Cửa đi + Cửa sổ | H52: Mở quay (Casement) | I52: Khung 55mm + Cánh | J52: Nội/Ngoại thất | K52: Nhà phố, chung cư, nhà xưởng | L52: 1.4 | M52: 5-10mm | N52: 10mm | O52: 1200×2200 | P52: 80 | Q52: Rãnh C / Rãnh 22 | R52: Gioăng EPDM 2 khoang / Silicon trung tính | S52: Anodized ED chuẩn Nhật JIS H8602 – bền 40 năm | T52: Anodize ED bền màu 40 năm, phụ kiện CMECH nguyên bộ, tỷ lệ bản rộng Nhật Bản tinh tế | U52: Phân phối ít ở miền Bắc | V52: ✓ | W52: ✓ | X52: ✓ | Y52: ✓ | Z52: Hoàn thành | AA52: 85 | AB52: https://maxprojp.com.vn | AC52: https://nhomkinhdaiphuc.com/catalogue/catalogue-nhom-maxpro-7.html
A53: MP-002 | B53: Anodized Trung cao cấp | C53: R65 | D53: Maxpro JP | E53: Việt Nam | F53: TCVN / JIS A 4702 | G53: Cửa đi + Cửa sổ | H53: Mở quay + Mở hất (Casement + Awning) | I53: Khung 65mm + Cánh | J53: Ngoại thất | K53: Biệt thự, nhà phố cao cấp, văn phòng hạng B | L53: 1.6 | M53: 5-12mm / Kính hộp 20-28mm | N53: 12mm | O53: 1600×2800 | P53: 150 | Q53: Rãnh C Euro Groove | R53: Gioăng EPDM đa khoang / Silicon Sika 11FC | S53: Anodized ED Nhật bền màu, sơn PVDF | T53: Hệ phụ kiện Nhật tích hợp sẵn, profile thanh lịch hơn hệ Trung Quốc | U53: Giá cao hơn hàng TQ 20-30% | V53: ✓ | W53: ✓ | X53: ✓ | Y53: ✓ | Z53: Hoàn thành | AA53: 85 | AB53: https://maxprojp.com.vn | AC53: https://nhomkinhdaiphuc.com/catalogue/catalogue-nhom-maxpro-7.html
A54: MP-003 | B54: Anodized Siêu cao cấp | C54: R65 Plus | D54: Maxpro JP | E54: Việt Nam | F54: TCVN / JIS | G54: Cửa đi + Cửa sổ | H54: Mở quay + Mở hất (Casement + Awning) | I54: Khung 65mm Plus + thêm gioăng giữa | J54: Ngoại thất | K54: Biệt thự cao cấp | L54: 1.6 | M54: 5-20mm / Kính hộp | N54: 20mm | O54: 1600×2800 | P54: 150 | Q54: Rãnh C Châu Âu | R54: Gioăng EPDM 3 khoang (cải tiến) / Silicon | S54: Anodized ED Nhật | T54: Cải tiến thêm gioăng giữa, kín khít hơn R65 thường | U54: Giá cao hơn R65 | V54: ✓ | W54: ✓ | X54: ✓ | Y54: ✓ | Z54: Hoàn thành | AA54: 82 | AB54: https://maxprojp.com.vn | AC54: https://nhomkinhdaiphuc.com/catalogue/catalogue-nhom-maxpro-7.html
A55: MP-004 | B55: Tân cổ điển Cao cấp | C55: R70 | D55: Maxpro JP | E55: Việt Nam | F55: TCVN / JIS | G55: Cửa đi | H55: Mở quay – Vát cạnh tân cổ điển | I55: Khung 70mm vát cạnh mạnh | J55: Ngoại thất | K55: Biệt thự tân cổ điển | L55: 2 | M55: 5-15mm | N55: 15mm | O55: 1400×2800 | P55: 180 | Q55: Rãnh C Châu Âu | R55: Gioăng EPDM / Silicon | S55: Anodized ED, sơn gold champagne, vân gỗ | T55: Profile vát cạnh đặc trưng tân cổ điển, không trùng hệ khác | U55: Không phù hợp phong cách hiện đại | V55: ✓ | W55: ✓ | X55: ✓ | Y55: ✓ | Z55: Hoàn thành | AA55: 80 | AB55: https://maxprojp.com.vn | AC55: https://nhomkinhdaiphuc.com/catalogue/catalogue-nhom-maxpro-7.html
A56: MP-005 | B56: Tân cổ điển Siêu cao cấp | C56: R83 | D56: Maxpro JP | E56: Việt Nam | F56: TCVN / JIS | G56: Cửa đi + Cửa vòm + Cửa sổ | H56: Mở quay + Mở hất | I56: Khung 83mm vát cạnh + Cánh vòm cung | J56: Ngoại thất | K56: Biệt thự cổ điển Pháp, biệt thự vòm | L56: 1.8 | M56: 5-25mm | N56: 25mm | O56: 2000×3500 | P56: 200 | Q56: Rãnh C Châu Âu | R56: Gioăng EPDM đa khoang / Dow Corning | S56: Anodized, sơn vàng gold, vân gỗ | T56: Hệ tân cổ điển đỉnh cao, làm được cửa vòm cung phức tạp | U56: Chỉ phù hợp phong cách cổ điển | V56: ✓ | W56: ✓ | X56: ✓ | Y56: ✓ | Z56: Hoàn thành | AA56: 80 | AB56: https://maxprojp.com.vn | AC56: https://nhomkinhdaiphuc.com/catalogue/catalogue-nhom-maxpro-7.html
A57: MP-006 | B57: Thủy lực Siêu cao cấp | C57: R200 Thủy lực | D57: Maxpro JP | E57: Việt Nam | F57: TCVN | G57: Cửa đi | H57: Thủy lực (Hydraulic Door) | I57: Khung 200mm siêu nặng + Hệ thủy lực | J57: Ngoại thất | K57: Biệt thự siêu cao cấp, cửa đại sảnh | L57: 2 | M57: Kính cường lực 15-22mm | N57: 22mm | O57: 3000×3500 | P57: 800 | Q57: Thủy lực đặc chủng Dorma/Biloba | R57: Keo silicon kết cấu / EPDM giả thép | S57: Anodized ED, sơn RAL đặc chủng | T57: Bản cánh 200mm siêu rộng, đóng mở êm tuyệt đối bằng hệ thủy lực cân bằng | U57: Giá rất cao, gia cố nền sàn đặc biệt | V57: ✓ | W57: ✓ | X57: ✓ | Y57: ✓ | Z57: Hoàn thành | AA57: 75 | AB57: https://maxprojp.com.vn | AC57: https://nhomkinhdaiphuc.com/catalogue/catalogue-nhom-maxpro-7.html
A58: MP-007 | B58: Trượt lùa Trung cấp | C58: SW55 | D58: Maxpro JP | E58: Việt Nam | F58: TCVN | G58: Cửa sổ | H58: Trượt lùa (Sliding Window) | I58: Khung SW 55mm + Cánh trượt | J58: Ngoại thất | K58: Nhà phố phổ thông | L58: 1.4 | M58: 5-10mm | N58: 10mm | O58: 2400×1800 | P58: 80 | Q58: Rãnh 22 / Rãnh C | R58: Gioăng EPDM / Silicon | S58: Anodized ED Nhật, sơn tĩnh điện | T58: Trượt êm, giá cạnh tranh, Anodized ED bền 40 năm | U58: Kín khít trung bình | V58: ✓ | W58: ✗ | X58: ✓ | Y58: ✓ | Z58: Hoàn thành | AA58: 75 | AB58: https://maxprojp.com.vn | AC58: https://nhomkinhdaiphuc.com/catalogue/catalogue-nhom-maxpro-7.html
A59: MP-008 | B59: Trượt lùa Cao cấp | C59: SD83 | D59: Maxpro JP | E59: Việt Nam | F59: TCVN | G59: Cửa đi | H59: Trượt lùa phẳng (Sliding Door) | I59: Khung SD 83mm + Cánh | J59: Ngoại thất | K59: Nhà phố, biệt thự | L59: 1.6 | M59: 8-12mm / Kính hộp 20-28mm | N59: 12mm | O59: 4000×2400 | P59: 150 | Q59: Ray inox SUS304 | R59: Gioăng EPDM / Dow Corning | S59: Anodized ED Nhật | T59: Trượt êm hệ Nhật, Anodized ED bền 40 năm | U59: Kín khít kém hơn Lift Slide | V59: ✓ | W59: ✓ | X59: ✓ | Y59: ✓ | Z59: Hoàn thành | AA59: 80 | AB59: https://maxprojp.com.vn | AC59: https://nhomkinhdaiphuc.com/catalogue/catalogue-nhom-maxpro-7.html
A60: MP-009 | B60: Trượt lùa Siêu cao cấp | C60: SD115 Chống bão | D60: Maxpro JP | E60: Việt Nam | F60: TCVN | G60: Cửa đi | H60: Trượt lùa chịu bão (Storm Resistant Sliding) | I60: Khung SD 115mm + Cánh siêu dày | J60: Ngoại thất – Biển | K60: Biệt thự biển, resort duyên hải chịu bão cấp 14 | L60: 2.5 | M60: Kính hộp chống bão 24-36mm | N60: 15mm | O60: 5000×2600 | P60: 300 | Q60: Ray inox SUS316L chống muối biển | R60: Gioăng EPDM cầu cách nhiệt / Silicon Dow Corning | S60: Anodized ED chống muối biển AS 1734-5 | T60: Chịu gió bão cấp 14, kín nước EN 12208 Cls 9A, chịu muối biển lâu dài | U60: Giá rất cao, nặng | V60: ✓ | W60: ✓ | X60: ✓ | Y60: ✓ | Z60: Hoàn thành | AA60: 80 | AB60: https://maxprojp.com.vn | AC60: https://nhomkinhdaiphuc.com/catalogue/catalogue-nhom-maxpro-7.html
A61: MP-010 | B61: Xếp trượt Cao cấp | C61: SFD80 | D61: Maxpro JP | E61: Việt Nam | F61: TCVN | G61: Cửa đi | H61: Xếp trượt (Folding Sliding Door) | I61: Cánh xếp gấp 80mm + Bản lề xếp | J61: Ngoại thất | K61: Biệt thự, nhà hàng, không gian mở | L61: 1.8 | M61: Kính cường lực 8-12mm | N61: 12mm | O61: 5000×2800 | P61: 40 | Q61: OPK Bi-fold / Roto Fold | R61: Gioăng EPDM / Silicon | S61: Anodized ED Nhật, sơn tĩnh điện | T61: Mở toàn bộ không gian Nhật, bền bỉ phụ kiện Nhật | U61: Kín khít thấp nhất trong hệ lùa | V61: ✓ | W61: ✓ | X61: ✓ | Y61: ✓ | Z61: Đang nghiên cứu | AA61: 65 | AB61: https://maxprojp.com.vn | AC61: https://nhomkinhdaiphuc.com/catalogue/catalogue-nhom-maxpro-7.html
A62: MP-011 | B62: Lam chắn nắng | C62: GW65 | D62: Maxpro JP | E62: Việt Nam | F62: TCVN | G62: Lam chắn nắng | H62: Cố định / Xoay (Fixed / Motorized Louvres) | I62: Profile lam 65mm xoay | J62: Ngoại thất | K62: Mặt ngoài công trình, ban công, sân thượng | L62: 1.6 | M62: Không dùng kính | N62: N/A | O62: Không giới hạn | P62: 50 | Q62: Hệ xoay cơ / Mô tơ tự động | R62: Không cần keo | S62: Anodized, sơn tĩnh điện chịu UV | T62: Chắn nắng điều tiết ánh sáng, thẩm mỹ hiện đại mặt công trình | U62: Cần bảo trì mô tơ định kỳ | V62: ✓ | W62: ✗ | X62: ✓ | Y62: ✓ | Z62: Đang nghiên cứu | AA62: 55 | AB62: https://maxprojp.com.vn | AC62: https://nhomkinhdaiphuc.com/catalogue/catalogue-nhom-maxpro-7.html
A63: SC-001 | B63: Anodized Cao cấp | C63: Soco 65 | D63: Soco | E63: Việt Nam | F63: EN Châu Âu | G63: Cửa đi + Cửa sổ | H63: Mở quay + Mở hất (Casement + Awning) | I63: Khung 65mm rãnh C | J63: Ngoại thất | K63: Biệt thự, nhà phố cao cấp | L63: 1.6 | M63: 5-12mm / Kính hộp 20-28mm | N63: 12mm | O63: 1600×2800 | P63: 150 | Q63: Rãnh C Châu Âu – Cmech/Sigico/Bogo | R63: Gioăng EPDM đa khoang / Silicon | S63: Anodized vàng ánh kim Champagne đặc trưng Soco | T63: Màu Champagne đặc trưng sang trọng, rãnh C Châu Âu đầy đủ phụ kiện | U63: Ít phân phối ngoài miền Nam | V63: ✓ | W63: ✓ | X63: ✓ | Y63: ✓ | Z63: Hoàn thành | AA63: 80 | AB63: https://nhomsocowindow.com
A64: SC-002 | B64: Trượt lùa Trung cấp | C64: Soco 94 | D64: Soco | E64: Việt Nam | F64: EN Châu Âu | G64: Cửa đi | H64: Trượt lùa 2 ray (Sliding) | I64: Khung 94mm + Ray inox | J64: Ngoại thất | K64: Nhà phố, biệt thự | L64: 1.6 | M64: 6-12mm | N64: 12mm | O64: 4000×2600 | P64: 150 | Q64: Ray inox SUS304 | R64: Gioăng EPDM / Silicon | S64: Anodized Champagne, sơn tĩnh điện | T64: Trượt êm ray inox, màu Champagne sang trọng | U64: Kín khít trung bình | V64: ✓ | W64: ✓ | X64: ✓ | Y64: ✓ | Z64: Hoàn thành | AA64: 78 | AB64: https://nhomsocowindow.com
A65: SC-003 | B65: Trượt lùa Cao cấp | C65: Soco 120 | D65: Soco | E65: Việt Nam | F65: EN Châu Âu | G65: Cửa đi | H65: Trượt lùa 2 ray (Sliding) | I65: Khung 120mm + Ray inox SUS316 | J65: Ngoại thất | K65: Biệt thự, ban công rộng | L65: 1.8 | M65: 6-15mm / Kính hộp 24-36mm | N65: 15mm | O65: 5000×2800 | P65: 200 | Q65: Ray inox SUS316L | R65: Gioăng EPDM kép / Dow Corning | S65: Anodized Champagne ED | T65: Phù hợp biệt thự biển, ray inox 316 chống muối | U65: Giá cao | V65: ✓ | W65: ✓ | X65: ✓ | Y65: ✓ | Z65: Hoàn thành | AA65: 80 | AB65: https://nhomsocowindow.com
A66: SC-004 | B66: Trượt lùa Siêu cao cấp | C66: Soco 180 | D66: Soco | E66: Việt Nam | F66: EN Châu Âu | G66: Cửa đi | H66: Trượt lùa 3 ray (Sliding) | I66: Khung 180mm + Ray inox SUS316 | J66: Ngoại thất | K66: Biệt thự, resort cao cấp | L66: 2 | M66: Kính hộp đến 36mm | N66: 15mm | O66: 7000×2800 | P66: 250 | Q66: Ray inox SUS316L | R66: Gioăng EPDM 3 lớp / Dow Corning | S66: Anodized Champagne ED chống muối biển | T66: Cửa lùa 3 ray, mở rộng tối đa, chống muối biển | U66: Chi phí cao | V66: ✓ | W66: ✓ | X66: ✓ | Y66: ✓ | Z66: Hoàn thành | AA66: 75 | AB66: https://nhomsocowindow.com
A67: SC-005 | B67: Lift & Slide Siêu cao cấp | C67: Soco LS100 | D67: Soco | E67: Việt Nam | F67: EN 13830/12208 | G67: Cửa đi | H67: Trượt nâng (Lift & Slide) | I67: Khung nặng đặc biệt + Ray Lift Slide | J67: Ngoại thất | K67: Biệt thự siêu sang, penthouse, resort | L67: 2.5 | M67: Kính hộp 32-60mm / Kính 3 lớp | N67: 22mm | O67: 8000×3200 | P67: 700 | Q67: Roto Patio Life / Siegenia Titan LSS | R67: Gioăng EPDM cầu cách nhiệt 4 lớp | S67: Anodized ED biển chống ăn mòn, PVDF | T67: Lift Slide rộng nhất Việt Nam (8m), nâng êm 700kg, kín khít EN 12208 Cls 9A | U67: Giá 500tr – 2 tỷ/bộ | V67: ✓ | W67: ✓ | X67: ✓ | Y67: ✓ | Z67: Hoàn thành | AA67: 90 | AB67: https://nhomsocowindow.com
A68: SC-006 | B68: Xếp trượt | C68: Soco Folding | D68: Soco | E68: Việt Nam | F68: EN | G68: Cửa đi | H68: Xếp trượt (Folding/Bi-fold) | I68: Cánh xếp gấp + Ray trên | J68: Ngoại thất | K68: Biệt thự, nhà hàng | L68: 1.6 | M68: Kính cường lực 8-12mm | N68: 12mm | O68: 5000×2800 | P68: 40 | Q68: OPK Folding / Roto Fold | R68: Gioăng EPDM / Silicon | S68: Anodized Champagne | T68: Mở toàn bộ, màu Champagne đặc trưng | U68: Kín khít kém nhất | V68: ✓ | W68: ✗ | X68: ✓ | Y68: ✓ | Z68: Đang nghiên cứu | AA68: 60 | AB68: https://nhomsocowindow.com
A69: SC-007 | B69: Vách kính Cố định | C69: Soco Fix Vách | D69: Soco | E69: Việt Nam | F69: EN 13830 | G69: Vách kính | H69: Cố định (Fixed Glass Partition/Facade) | I69: Profile vách 65mm cố định | J69: Ngoại thất + Nội thất | K69: Văn phòng, TTTM, công trình | L69: 1.6 | M69: Kính hộp 20-32mm | N69: 32mm | O69: Không giới hạn | P69: 500 | Q69: Hệ Stick Châu Âu | R69: Silicon kết cấu Dow Corning | S69: Anodized Champagne, sơn PVDF | T69: Thiết kế linh hoạt, cùng hệ màu Champagne đặc trưng Soco | U69: Thi công phụ thuộc kiểm soát tại công trường | V69: ✓ | W69: ✓ | X69: ✓ | Y69: ✓ | Z69: Đang nghiên cứu | AA69: 60 | AB69: https://nhomsocowindow.com
A70: SC-008 | B70: Curtain Wall Unitized | C70: Soco UCW Unitized | D70: Soco | E70: Việt Nam | F70: EN 13830/AAMA 501 | G70: Vách mặt dựng | H70: Panel đúc sẵn (Unitized Panel) | I70: Panel hoàn chỉnh đúc sẵn tại xưởng Soco | J70: Ngoại thất – Tòa nhà cao tầng | K70: Tòa nhà văn phòng hạng A, khách sạn 5 sao 30+ tầng | L70: 2.5 | M70: Kính hộp Low-E 28-48mm / Kính 3 lớp 60mm | N70: 48mm | O70: Không giới hạn (module) | P70: 1000 | Q70: Hệ Unitized panel + crane | R70: Silicon kết cấu Dow Corning AAMA chuẩn | S70: Anodized, PVDF 70% | T70: Thi công nhanh 3-4 ngày/tầng, chất lượng đồng đều xưởng, chuẩn AAMA tòa nhà cao tầng | U70: Chi phí mold cao, không linh hoạt sửa đổi tại công trường | V70: ✓ | W70: ✓ | X70: ✓ | Y70: ✓ | Z70: Đang nghiên cứu | AA70: 65 | AB70: https://nhomsocowindow.com
A71: PG-001 | B71: Cầu cách nhiệt Trung cấp | C71: PAG 60 | D71: PAG | E71: Việt Nam | F71: EN 14351-1 | G71: Cửa sổ + Cửa đi | H71: Mở quay (Casement) | I71: Khung 60mm cầu PA66 GF25 | J71: Ngoại thất – Công trình xanh | K71: Nhà phố cao cấp, chung cư xanh | L71: 1.6 | M71: Kính hộp Low-E 20-28mm | N71: 14mm | O71: 1200×2400 | P71: 100 | Q71: Rãnh C cách nhiệt | R71: Gioăng EPDM cách nhiệt 2 lớp / Dow Corning 795 | S71: AkzoNobel chống muối biển – bảo hành 25 năm | T71: Uf < 2.5 W/(m²K), giải pháp cách nhiệt giá tốt nhất Việt Nam | U71: Profile hẹp hơn hệ 65 | V71: ✓ | W71: ✓ | X71: ✓ | Y71: ✓ | Z71: Hoàn thành | AA71: 85 | AB71: https://nhompag.com.vn
A72: PG-002 | B72: Cầu cách nhiệt Cao cấp | C72: PAG 80 Lùa | D72: PAG | E72: Việt Nam | F72: EN 14351-1 | G72: Cửa sổ | H72: Trượt lùa (Sliding) + Chống côn trùng | I72: Khung cầu PA66 80mm + Lưới chắn côn trùng | J72: Ngoại thất | K72: Nhà phố, biệt thự ở vùng nhiều muỗi, côn trùng | L72: 1.6 | M72: Kính hộp Low-E 20-28mm | N72: 14mm | O72: 2400×1800 | P72: 100 | Q72: Rãnh C cách nhiệt | R72: Gioăng EPDM cách nhiệt / Dow Corning | S72: AkzoNobel bền 25 năm | T72: Kết hợp cách nhiệt + lưới chắn côn trùng EPDM, tiện lợi khí hậu nhiệt đới | U72: Kín khít cửa lùa trung bình | V72: ✓ | W72: ✗ | X72: ✓ | Y72: ✓ | Z72: Hoàn thành | AA72: 75 | AB72: https://nhompag.com.vn
A73: PG-003 | B73: Xếp trượt Cao cấp | C73: PAG 83 Folding | D73: PAG | E73: Việt Nam | F73: EN 14351-1 | G73: Cửa đi | H73: Xếp trượt cầu cách nhiệt (Thermal Bi-fold) | I73: Cánh xếp gấp 83mm cầu cách nhiệt | J73: Ngoại thất | K73: Biệt thự cao cấp | L73: 1.8 | M73: Kính cường lực 8-12mm | N73: 12mm | O73: 5000×2800 | P73: 40 | Q73: Rãnh C cách nhiệt + Roto Fold | R73: Gioăng EPDM cách nhiệt / Dow Corning | S73: AkzoNobel chống muối biển | T73: Xếp trượt CÓ cầu cách nhiệt, hiếm có trên thị trường Việt Nam | U73: Kín khít không hoàn toàn | V73: ✓ | W73: ✗ | X73: ✓ | Y73: ✓ | Z73: Đang nghiên cứu | AA73: 65 | AB73: https://nhompag.com.vn
A74: PG-004 | B74: Trượt nâng Cao cấp | C74: PAG 120 | D74: PAG | E74: Việt Nam | F74: EN 14351-1 | G74: Cửa đi | H74: Trượt nâng + Lùa vuông góc (Lift Slide + Inline Slide) | I74: Khung cầu PA66 + Phụ kiện Lift đặc biệt | J74: Ngoại thất | K74: Biệt thự cao cấp, resort | L74: 1.8 | M74: Kính hộp Low-E 24-36mm | N74: 16mm | O74: 6000×2800 | P74: 300 | Q74: Siegenia Patio / Roto Patio Life | R74: Gioăng EPDM cầu cách nhiệt / Dow Corning | S74: AkzoNobel chống muối biển | T74: Kết hợp Lift Slide VÀ Pocket Slide lùa vuông góc – không giới hạn số cánh | U74: Thiết kế kỹ lưỡng, giá cao | V74: ✓ | W74: ✓ | X74: ✓ | Y74: ✓ | Z74: Đang nghiên cứu | AA74: 65 | AB74: https://nhompag.com.vn
... A78: PG-008 | B78: Chống côn trùng | C78: PAG 140 | D78: PAG | E78: Việt Nam | F78: EN | G78: Cửa đi | H78: Lùa chống côn trùng (Insect Screen Door) | I78: Khung đặc biệt + Lưới chắn côn trùng EPDM | J78: Ngoại thất | K78: Nhà phố, biệt thự ở vùng nhiều muỗi | L78: 1.4 | M78: Không dùng kính (lưới inox 304) | N78: N/A | O78: 2400×2400 | P78: 60 | Q78: Rãnh C / Lưới inox SUS304 | R78: Không cần keo | S78: Anodized, sơn tĩnh điện | T78: Chắn côn trùng, thông gió tối đa, phù hợp khí hậu nhiệt đới | U78: Không cách âm, không cách nước | V78: ✓ | W78: ✗ | X78: ✓ | Y78: ✓ | Z78: Hoàn thành | AA78: 65 | AB78: https://nhompag.com.vn
A79: OW-001 | B79: Anodized Phổ thông | C79: Owin Hệ 55 | D79: Owin | E79: Việt Nam | F79: EN Tiêu chuẩn Đức | G79: Cửa đi + Cửa sổ | H79: Mở quay + Mở hất | I79: Khung 55mm Anodized-ED Luxanode | J79: Ngoại thất | K79: Nhà phố, văn phòng | L79: 1.4 | M79: 5-12mm | N79: 12mm | O79: 1200×2200 | P79: 80 | Q79: Rãnh C / Kinlong / Cmech | R79: Gioăng EPDM / Silicon trung tính | S79: Anodized-ED Luxanode chuẩn Đức – chống phai màu | T79: Anodized-ED Luxanode chuẩn Đức bền bỉ, hệ phụ kiện Kinlong/Cmech nguyên bộ | U79: Ít đa dạng hệ chuyên dụng | V79: ✓ | W79: ✓ | X79: ✓ | Y79: ✓ | Z79: Hoàn thành | AA79: 75
A80: OW-002 | B80: Anodized Cao cấp | C80: Owin Hệ 65 | D80: Owin | E80: Việt Nam | F80: EN Tiêu chuẩn Đức | G80: Cửa đi + Cửa sổ | H80: Mở quay + Trượt lùa | I80: Khung 65mm Anodized-ED | J80: Ngoại thất | K80: Biệt thự, nhà phố cao cấp | L80: 2 | M80: 5-15mm / Kính hộp 20-28mm | N80: 15mm | O80: 1600×2800 | P80: 150 | Q80: Rãnh C / Cmech / Roto | R80: Gioăng EPDM đa khoang / Silicon | S80: Anodized-ED Luxanode | T80: Profile cứng, Anodized-ED Luxanode bền bỉ, đa dạng ứng dụng | U80: Ít hệ chuyên dụng hơn Civro | V80: ✓ | W80: ✓ | X80: ✓ | Y80: ✓ | Z80: Hoàn thành | AA80: 75
A81: OW-003 | B81: Trượt lùa Cao cấp | C81: Owin Hệ 100 | D81: Owin | E81: Việt Nam | F81: EN Tiêu chuẩn Đức | G81: Cửa đi | H81: Trượt lùa + Xếp gấp (Sliding + Folding) | I81: Khung 100mm + Cánh đặc biệt | J81: Ngoại thất | K81: Biệt thự, ban công rộng | L81: 2 | M81: Kính hộp 20-32mm | N81: 15mm | O81: 5000×2800 | P81: 200 | Q81: Rãnh C / Cmech | R81: Gioăng EPDM kép / Silicon | S81: Anodized-ED Luxanode | T81: Hệ lùa + xếp gấp 100mm linh hoạt | U81: Chi phí cao | V81: ✓ | W81: ✓ | X81: ✓ | Y81: ✓ | Z81: Đang nghiên cứu | AA81: 65
A82: OW-004 | B82: Thủy lực Siêu cao cấp | C82: Owin HL180 | D82: Owin | E82: Việt Nam | F82: TCVN | G82: Cửa đi | H82: Thủy lực 2 chiều (Hydraulic Pivot) | I82: Khung siêu nặng 180×60mm cánh + Piston thủy lực | J82: Ngoại thất | K82: Biệt thự siêu sang, sảnh khách sạn 5 sao | L82: 2.5 | M82: Kính cường lực/laminated 15-22mm | N82: 22mm | O82: 5000×4000 | P82: 1500 | Q82: Thủy lực Biloba / Floor Spring Dorma TS98 | R82: Keo silicon kết cấu / Gioăng tổng hợp | S82: Anodized-ED Luxanode, sơn đặc chủng vàng/đồng/titan | T82: Cửa siêu rộng một cánh (đến 5m), đóng mở bằng một ngón tay, tự đóng piston thủy lực | U82: Giá 200tr-vài tỷ, gia cố nền đặc biệt | V82: ✓ | W82: ✓ | X82: ✓ | Y82: ✓ | Z82: Hoàn thành | AA82: 85
A83: OW-005 | B83: Trượt quay Cao cấp | C83: Owin SR Trượt quay | D83: Owin | E83: Việt Nam | F83: TCVN | G83: Cửa đi | H83: Trượt quay (Sliding Rotating / Sliding Pivot) | I83: Khung + Cánh + Ray treo trên đặc biệt | J83: Ngoại thất | K83: Biệt thự, nhà phố sang trọng, phòng trưng bày | L83: 2 | M83: Kính cường lực 10-15mm | N83: 15mm | O83: 2000×3000 | P83: 150 | Q83: Slido Dorma / Häfele trượt quay | R83: Gioăng EPDM / Silicon | S83: Anodized-ED Luxanode, sơn mờ | T83: Không ray dưới sàn, đóng mở 180° trơn tru, thẩm mỹ cao | U83: Tải trọng cánh hạn chế, lắp đặt chính xác cao | V83: ✓ | W83: ✓ | X83: ✓ | Y83: ✓ | Z83: Hoàn thành | AA83: 80
A84: OW-006 | B84: Vách kính | C84: Owin Vách kính | D84: Owin | E84: Việt Nam | F84: EN | G84: Vách kính | H84: Cố định (Fixed Glass) | I84: Profile vách ngăn kính | J84: Nội/Ngoại thất | K84: Văn phòng, công trình | L84: 1.6 | M84: Kính đơn/hộp 8-24mm | N84: 24mm | O84: Không giới hạn | P84: 400 | Q84: Hệ Stick Owin | R84: Silicon kết cấu | S84: Anodized-ED Luxanode | T84: Anodized-ED bền bỉ, phù hợp vách kính thương mại | U84: Ít linh hoạt hơn hệ Civro | V84: ✓ | W84: ✓ | X84: ✓ | Y84: ✓ | Z84: Đang nghiên cứu | AA84: 60
A85: OW-007 | B85: Lan can & Chấn song | C85: Owin Chấn song | D85: Owin | E85: Việt Nam | F85: TCVN 9392 | G85: Lan can + Chấn song | H85: Cố định (Fixed Railing) | I85: Profile chấn song nhôm + Thanh đứng | J85: Ngoại thất + Nội thất | K85: Ban công, cầu thang, hành lang | L85: 1.2 | M85: Không dùng kính | N85: N/A | O85: Không giới hạn | P85: 80 | Q85: Phụ kiện chấn song đặc chủng | R85: Không cần keo | S85: Anodized-ED, sơn tĩnh điện | T85: Bền bỉ, đa dạng kiểu dáng, Anodized-ED chống ăn mòn | U85: Không cách âm/nhiệt | V85: ✓ | W85: ✗ | X85: ✓ | Y85: ✓ | Z85: Đang nghiên cứu | AA85: 55
A86: TP-001 | B86: Tân cổ điển Cao cấp | C86: Topal Prima 55+ | D86: Topal | E86: Việt Nam | F86: EN Châu Âu / Rãnh C | G86: Cửa đi + Cửa sổ | H86: Mở quay + Mở hất + Trượt lùa | I86: Cánh trơn không gân, bản khung 63mm | J86: Ngoại thất | K86: Biệt thự, căn hộ cao cấp | L86: 1.6 | M86: Kính đơn 6.38mm đến kính hộp đầy đủ | N86: 12mm | O86: 1600×2800 | P86: 120 | Q86: Rãnh C Châu Âu đồng bộ Topal/Austdoor | R86: Gioăng EPDM đa khoang / Silicon | S86: Sơn tĩnh điện, ép vân gỗ, anodized – bảo hành 5 năm | T86: Cánh trơn không gân – profile thanh lịch nhất dòng Topal, rãnh C Châu Âu đồng bộ, cách âm ~28dB | U86: Chỉ rõ ràng phong cách hiện đại, ít mẫu cổ điển | V86: ✓ | W86: ✓ | X86: ✓ | Y86: ✓ | Z86: Hoàn thành | AA86: 80 | AB86: https://topal.vn
A87: TP-002 | B87: Anodized Mỏng hiện đại | C87: Topal Slima 48 | D87: Topal | E87: Việt Nam | F87: EN Châu Âu / Rãnh C | G87: Cửa đi + Cửa sổ | H87: Mở quay + Mở hất | I87: Cánh mảnh 48mm, rãnh C, tối giản hiện đại | J87: Ngoại thất | K87: Nhà phố, chung cư cao cấp phong cách hiện đại | L87: 1.2 | M87: Kính đơn/hộp | N87: 10mm | O87: 1400×2600 | P87: 100 | Q87: Rãnh C Châu Âu Topal/Austdoor | R87: Gioăng EPDM / Silicon | S87: Sơn tĩnh điện bột, anodized bạc | T87: Profile siêu mỏng 48mm – nhìn nhiều kính nhất trong dòng Topal, tối giản phong cách Châu Âu, cách âm ~28dB | U87: Tải trọng giới hạn do profile mỏng | V87: ✓ | W87: ✓ | X87: ✓ | Y87: ✓ | Z87: Hoàn thành | AA87: 78 | AB87: https://topal.vn
A88: TP-003 | B88: Phổ thông Rãnh 22 | C88: Topal XFAD 55 | D88: Topal | E88: Việt Nam | F88: TCVN | G88: Cửa đi + Cửa sổ | H88: Mở quay + Trượt lùa | I88: Profile Xingfa 55mm rãnh 22 | J88: Ngoại thất phổ thông | K88: Nhà phố, tối ưu chi phí | L88: 1.4 | M88: Kính đơn/hộp 5-12mm | N88: 12mm | O88: 1200×2400 | P88: 80 | Q88: Rãnh 22mm phổ thông | R88: Gioăng EPDM / Silicon | S88: Sơn tĩnh điện, đa màu | T88: Giá cạnh tranh nhất dòng Topal, phổ biến dự án ngân sách trung bình | U88: Profile rãnh 22 kém phụ kiện Châu Âu | V88: ✓ | W88: ✗ | X88: ✓ | Y88: ✓ | Z88: Hoàn thành | AA88: 70 | AB88: https://topal.vn
A89: TP-004 | B89: Phổ thông tiết kiệm | C89: Topal XFEC 55 | D89: Topal | E89: Việt Nam | F89: TCVN | G89: Cửa sổ + Cửa đi | H89: Mở quay | I89: Profile phổ thông dày 1.0-1.4mm | J89: Nội/Ngoại thất phổ thông | K89: Công trình ngân sách thấp, nhà ở phổ thông | L89: 1.1 | M89: Kính đơn 5-10mm | N89: 10mm | O89: 1000×2000 | P89: 60 | Q89: Rãnh 22mm | R89: Gioăng EPDM / Silicon | S89: Sơn tĩnh điện | T89: Giá rẻ nhất dòng Topal, phù hợp nhà ở bình dân | U89: Profile mỏng nhất, không phù hợp yêu cầu cao | V89: ✓ | W89: ✗ | X89: ✓ | Y89: ✓ | Z89: Hoàn thành | AA89: 60 | AB89: https://topal.vn
A90: EV-001 | B90: Anodized Trung cao cấp | C90: EuroVN Gold | D90: EuroVN | E90: Việt Nam | F90: TCVN | G90: Cửa đi + Cửa sổ | H90: Mở quay + Mở hất | I90: Khung vát cạnh + Sơn Wagner Thụy Sỹ | J90: Ngoại thất | K90: Biệt thự, nhà phố | L90: 1.2 | M90: 5-12mm | N90: 12mm | O90: 1400×2600 | P90: 100 | Q90: Rãnh C | R90: Gioăng EPDM / Silicon | S90: Sơn Wagner Thụy Sỹ + ép vân gỗ hàn túi – bảo hành 10 năm | T90: Sơn Wagner Thụy Sỹ bền màu 10 năm, vát cạnh tạo hiệu ứng 3D, nhôm 6063T5 >98% nguyên chất | U90: Profile mỏng 1.2mm | V90: ✓ | W90: ✓ | X90: ✓ | Y90: ✓ | Z90: Hoàn thành | AA90: 72
A91: EV-002 | B91: Anodized Cao cấp | C91: EuroVN VIP | D91: EuroVN | E91: Việt Nam | F91: TCVN | G91: Cửa đi + Cửa sổ + Trượt | H91: Đa kiểu mở | I91: Khung vát cạnh + dập gân chìm, nhiều hệ | J91: Ngoại thất | K91: Biệt thự, công trình cao cấp | L91: 1.4 | M91: 5-15mm / Kính hộp 20-28mm | N91: 15mm | O91: 1600×2800 | P91: 120 | Q91: Rãnh C | R91: Gioăng EPDM đa khoang / Dow Corning | S91: Sơn Wagner Thụy Sỹ, ép vân gỗ hàn túi tự động | T91: Hệ VIP toàn diện nhất dòng EuroVN, sơn Wagner bền, vát cạnh & gân chìm tăng cứng | U91: Thị phần nhỏ hơn Civro | V91: ✓ | W91: ✓ | X91: ✓ | Y91: ✓ | Z91: Hoàn thành | AA91: 72
A92: EV-003 | B92: Trượt quay Cao cấp | C92: EuroVN Trượt quay | D92: EuroVN | E92: Việt Nam | F92: TCVN | G92: Cửa đi | H92: Trượt quay (Sliding Rotating) | I92: Khung + Cánh + Ray đặc biệt 2 trong 1 | J92: Ngoại thất | K92: Biệt thự, tối ưu không gian | L92: 1.6 | M92: Kính cường lực 10-15mm | N92: 15mm | O92: 2000×2800 | P92: 150 | Q92: Slido / Häfele trượt quay | R92: Gioăng EPDM / Silicon | S92: Sơn Wagner Thụy Sỹ | T92: Trượt quay 180° tối ưu không gian hành lang, thẩm mỹ cao | U92: Giá cao hơn EuroVN thường | V92: ✓ | W92: ✓ | X92: ✓ | Y92: ✓ | Z92: Hoàn thành | AA92: 68
A93: EV-004 | B93: Thủy lực Siêu cao cấp | C93: EuroVN Thủy lực | D93: EuroVN | E93: Việt Nam | F93: TCVN | G93: Cửa đi | H93: Thủy lực 2 chiều (Hydraulic Door) | I93: Khung 140-180mm cánh + Hệ thủy lực QueenViet | J93: Ngoại thất | K93: Biệt thự siêu cao cấp, showroom | L93: 1.8 | M93: Kính cường lực 15-19mm | N93: 19mm | O93: 3000×3500 | P93: 800 | Q93: Thủy lực đặc chủng QueenViet Group | R93: Keo silicon kết cấu / EPDM | S93: Sơn Wagner Thụy Sỹ đặc chủng | T93: Cửa thủy lực QueenViet Group nổi tiếng, tự đóng êm, bản cánh 140-180mm siêu rộng | U93: Giá cao, ít nhà phân phối | V93: ✓ | W93: ✓ | X93: ✓ | Y93: ✓ | Z93: Hoàn thành | AA93: 70
A94: EV-005 | B94: Cầu cách nhiệt Cao cấp | C94: EuroVN Thermal | D94: EuroVN | E94: Việt Nam | F94: EN 14351-1 | G94: Cửa đi + Cửa sổ | H94: Mở quay + Trượt | I94: Khung + dải Polyamide cách nhiệt | J94: Ngoại thất – Công trình xanh | K94: Biệt thự, tiết kiệm năng lượng | L94: 1.6 | M94: Kính hộp Low-E 24-36mm | N94: 16mm | O94: 1400×2800 | P94: 120 | Q94: Rãnh C cách nhiệt | R94: Gioăng EPDM cách nhiệt / Dow Corning | S94: Sơn Wagner Thụy Sỹ 2 màu trong ngoài | T94: Cách nhiệt + sơn Wagner Thụy Sỹ bền 10 năm, tiết kiệm điện điều hòa | U94: Thị phần nhỏ ở mảng cách nhiệt | V94: ✓ | W94: ✓ | X94: ✓ | Y94: ✓ | Z94: Đang nghiên cứu | AA94: 60
A95: YL-001 | B95: Phổ thông | C95: Yangli 55 Rãnh C | D95: Yangli | E95: Trung Quốc/Việt Nam | F95: QCVN 16:2019 / ISO 9001 | G95: Cửa đi + Cửa sổ | H95: Mở quay (Casement) | I95: Khung 55mm vát cạnh 3D + Gân tăng cứng | J95: Ngoại thất | K95: Nhà phố, chung cư | L95: 1.3 | M95: 5-10mm | N95: 10mm | O95: 1200×2400 | P95: 80 | Q95: Rãnh C | R95: Gioăng EPDM / Silicon trung tính | S95: Anodized bạc, sơn tĩnh điện bột – vát cạnh 3D | T95: Thiết kế vát cạnh tạo hiệu ứng 3D đặc trưng Yangli, giá cạnh tranh, QCVN | U95: Chất lượng không đồng đều tùy lô hàng | V95: ✓ | W95: ✗ | X95: ✓ | Y95: ✓ | Z95: Hoàn thành | AA95: 70 | AB95: https://yangli.vn
A96: YL-002 | B96: Phổ thông | C96: Yangli 60/65 Rãnh C | D96: Yangli | E96: Trung Quốc/Việt Nam | F96: QCVN 16:2019 | G96: Cửa đi + Cửa sổ | H96: Mở quay + Trượt lùa | I96: Khung 60-65mm rãnh C vát cạnh | J96: Ngoại thất | K96: Nhà phố, biệt thự trung cấp | L96: 1.3 | M96: 5-12mm / Kính hộp 20-28mm | N96: 12mm | O96: 1600×2800 | P96: 100 | Q96: Rãnh C | R96: Gioăng EPDM / Silicon | S96: Anodized bạc, sơn bột | T96: Rãnh C tiêu chuẩn, giá trung bình, đa dạng mẫu mã | U96: Ít hệ chuyên dụng | V96: ✓ | W96: ✗ | X96: ✓ | Y96: ✓ | Z96: Hoàn thành | AA96: 68 | AB96: https://yangli.vn
A97: YL-003 | B97: Tân cổ điển | C97: Yangli-XF Tân cổ điển | D97: Yangli | E97: Trung Quốc/Việt Nam | F97: QCVN | G97: Cửa đi + Cửa sổ | H97: Mở quay + Trượt lùa | I97: Profile Xingfa mô phỏng, đa hệ | J97: Ngoại thất | K97: Nhà phố phong cách | L97: 1.3 | M97: 5-12mm | N97: 12mm | O97: 1400×2600 | P97: 100 | Q97: Rãnh C / Rãnh 22 | R97: Gioăng EPDM / Silicon | S97: Sơn bột vân gỗ, champagne vàng | T97: Đa dạng phong cách, giá tốt | U97: Chất lượng kém hơn VRE/Civro | V97: ✓ | W97: ✗ | X97: ✓ | Y97: ✓ | Z97: Hoàn thành | AA97: 65 | AB97: https://yangli.vn
A98: YL-004 | B98: Thủy lực | C98: Yangli Thủy lực | D98: Yangli | E98: Trung Quốc/Việt Nam | F98: QCVN | G98: Cửa đi | H98: Thủy lực 2 chiều | I98: Bản cánh lớn + Hệ thủy lực | J98: Ngoại thất | K98: Biệt thự, showroom | L98: 1.6 | M98: Kính cường lực 15-19mm | N98: 19mm | O98: 3000×3500 | P98: 800 | Q98: Thủy lực đặc chủng | R98: Silicon kết cấu | S98: Sơn tĩnh điện đặc chủng | T98: Cửa thủy lực giá tốt hơn thương hiệu Việt Nam | U98: Chất lượng thủy lực kém hơn Owin/Maxpro | V98: ✓ | W98: ✗ | X98: ✓ | Y98: ✓ | Z98: Đang nghiên cứu | AA98: 60 | AB98: https://yangli.vn
A99: YL-005 | B99: Trượt lùa | C99: Yangli Lùa 95/97 | D99: Yangli | E99: Trung Quốc/Việt Nam | F99: QCVN | G99: Cửa đi + Cửa sổ | H99: Trượt lùa (Sliding) | I99: Khung 95-97mm + Ray inox | J99: Ngoại thất | K99: Nhà phố, biệt thự trung cấp | L99: 1.4 | M99: 5-12mm | N99: 12mm | O99: 4000×2400 | P99: 150 | Q99: Ray inox SUS304 | R99: Gioăng EPDM / Silicon | S99: Anodized, sơn tĩnh điện | T99: Ray inox bền, giá cạnh tranh | U99: Kín khít thấp hơn Lift Slide | V99: ✓ | W99: ✗ | X99: ✓ | Y99: ✓ | Z99: Hoàn thành | AA99: 68 | AB99: https://yangli.vn
A100: YL-006 | B100: Trượt lùa Rộng | C100: Yangli Lùa 120 | D100: Yangli | E100: Trung Quốc/Việt Nam | F100: QCVN | G100: Cửa đi | H100: Trượt lùa 2 ray (Sliding) | I100: Khung 120mm + Ray inox | J100: Ngoại thất | K100: Biệt thự | L100: 1.5 | M100: Kính hộp 20-28mm | N100: 15mm | O100: 5000×2600 | P100: 200 | Q100: Ray inox SUS304 | R100: Gioăng EPDM kép / Silicon | S100: Anodized, sơn bột | T100: Cánh lùa rộng 2 ray, giá tốt | U100: Kín khít kém hơn Lift Slide | V100: ✓ | W100: ✗ | X100: ✓ | Y100: ✓ | Z100: Hoàn thành | AA100: 65 | AB100: https://yangli.vn
A101: YL-007 | B101: Trượt lùa 3 Ray | C101: Yangli Lùa 180 | D101: Yangli | E101: Trung Quốc/Việt Nam | F101: QCVN | G101: Cửa đi | H101: Trượt lùa 3 ray (Sliding) | I101: Khung 180mm + Ray inox | J101: Ngoại thất | K101: Biệt thự, resort | L101: 1.6 | M101: Kính hộp 20-28mm | N101: 15mm | O101: 7000×2800 | P101: 250 | Q101: Ray inox SUS304 | R101: Gioăng EPDM 3 lớp / Silicon | S101: Anodized, sơn bột | T101: Mở 3 cánh, giá tốt nhất cho hệ 3 ray | U101: Kín khít kém hơn VRE180 | V101: ✓ | W101: ✗ | X101: ✓ | Y101: ✓ | Z101: Đang nghiên cứu | AA101: 62 | AB101: https://yangli.vn
A102: YL-008 | B102: Slim hiện đại | C102: Yangli Slim 40/45 | D102: Yangli | E102: Trung Quốc/Việt Nam | F102: QCVN | G102: Cửa đi + Cửa sổ | H102: Mở quay (Minimal Slim) | I102: Profile siêu mỏng 40-45mm | J102: Ngoại thất hiện đại | K102: Nhà phố hiện đại, căn hộ tối giản | L102: 1.1 | M102: Kính đơn 5-10mm | N102: 10mm | O102: 1200×2400 | P102: 60 | Q102: Rãnh C mỏng | R102: Gioăng EPDM mỏng / Silicon | S102: Anodized bạc siêu mỏng, đen mờ | T102: Profile siêu mỏng 40-45mm – tỷ lệ kính/nhôm tối ưu nhất | U102: Tải trọng rất giới hạn | V102: ✓ | W102: ✗ | X102: ✓ | Y102: ✓ | Z102: Đang nghiên cứu | AA102: 60 | AB102: https://yangli.vn
A103: YL-009 | B103: Xếp trượt | C103: Yangli Folding 80 | D103: Yangli | E103: Trung Quốc/Việt Nam | F103: QCVN | G103: Cửa đi | H103: Xếp trượt (Folding 80) | I103: Cánh xếp gấp 80mm | J103: Ngoại thất | K103: Biệt thự, nhà hàng | L103: 1.5 | M103: Kính cường lực 8-12mm | N103: 12mm | O103: 5000×2800 | P103: 40 | Q103: Hopo Bi-fold / OPK | R103: Gioăng EPDM / Silicon | S103: Anodized, sơn bột | T103: Xếp trượt giá tốt | U103: Kín khít kém nhất | V103: ✓ | W103: ✗ | X103: ✓ | Y103: ✓ | Z103: Đang nghiên cứu | AA103: 58 | AB103: https://yangli.vn
A104: YL-010 | B104: Mặt dựng | C104: Yangli Mặt dựng 52/65 | D104: Yangli | E104: Trung Quốc/Việt Nam | F104: QCVN | G104: Vách mặt dựng | H104: Cố định (Stick System) | I104: Module mặt dựng 52-65mm lắp tại chỗ | J104: Ngoại thất – Công trình | K104: Tòa nhà thương mại, công trình công nghiệp | L104: 1.8 | M104: Kính hộp 20-32mm | N104: 32mm | O104: Không giới hạn | P104: 600 | Q104: Hệ Stick Yangli | R104: Silicon kết cấu Sika | S104: Anodized, sơn bột | T104: Chi phí thấp nhất cho mặt dựng, phù hợp dự án ngân sách trung bình | U104: Kém tiêu chuẩn Châu Âu | V104: ✓ | W104: ✗ | X104: ✓ | Y104: ✓ | Z104: Đang nghiên cứu | AA104: 55 | AB104: https://yangli.vn
A105: SH-001 | B105: Casement Đức Cao cấp | C105: AWS 65 | D105: Schüco | E105: Đức | F105: EN 14351-1 / EN 12207 Cls4 / CE | G105: Cửa sổ + Cửa đi | H105: Mở quay + Tilt-Turn (Casement + Tilt-Turn) | I105: Khung 65mm cầu cách nhiệt PA66 GF25 | J105: Ngoại thất – Công trình xanh | K105: Biệt thự, khách sạn 5 sao, văn phòng hạng A | L105: 2 | M105: Kính hộp Low-E 24-36mm / Kính 3 lớp 44mm | N105: 18mm | O105: 1800×3000 | P105: 200 | Q105: Rãnh C Euro Groove – tương thích Roto/Siegenia/Maco | R105: Gioăng EPDM 4 lớp / Dow Corning 795 | S105: Anodized tách màu, PVDF 70%, wood-look, RAL đặc chủng | T105: Uf=1.3 W/(m²K), cách âm Rw 45dB, bền 50 năm, phụ kiện AvanTec nguyên bộ Châu Âu | U105: Giá cao hơn VN 3-5 lần, nhập khẩu dài ngày | V105: ✓ | W105: ✓ | X105: ✓ | Y105: ✓ | Z105: Hoàn thành | AA105: 90 | AB105: https://www.schueco.com
A106: SH-002 | B106: Casement Đức Passive House | C106: AWS 75.SI | D106: Schüco | E106: Đức | F106: EN 14351-1 / PHI Passive | G106: Cửa sổ + Cửa đi | H106: Mở quay + Tilt-Turn | I106: Khung 75mm cầu cách nhiệt PA66 GF25 siêu dày | J106: Ngoại thất – Passive House | K106: Nhà thụ động (Passive House), tòa nhà Zero Energy | L106: 2 | M106: Kính 3 lớp 44-52mm / Kính chân không triple | N106: 20mm | O106: 2000×3500 | P106: 250 | Q106: Rãnh C Châu Âu đặc biệt | R106: Gioăng EPDM 5 lớp cách nhiệt siêu cao cấp | S106: Anodized 2 màu, PVDF 2 lớp | T106: Uf=0.97 W/(m²K) – đạt Passive House PHI, cách âm 52dB, bền 60 năm | U106: Giá cực cao, thị trường VN rất hạn chế | V106: ✓ | W106: ✓ | X106: ✓ | Y106: ✓ | Z106: Đang nghiên cứu | AA106: 60 | AB106: https://www.schueco.com
... A113: RY-004 | B113: Curtain Wall Bỉ | C113: CW 50 | D113: Reynaers | E113: Bỉ | F113: EN 13830 | G113: Vách mặt dựng | H113: Cố định (Stick/Unitized) | I113: Module CW Reynaers Châu Âu | J113: Ngoại thất – Tòa nhà cao tầng | K113: Tòa nhà cao tầng Châu Âu | L113: 2 | M113: Kính hộp 24-48mm | N113: 48mm | O113: Không giới hạn | P113: 1000 | Q113: Hệ Stick/Unitized Reynaers | R113: Silicon kết cấu Dow/Sika | S113: Anodized, PVDF | T113: Chuẩn Châu Âu, bền 50 năm | U113: Nhập khẩu, giá cao | V113: ✓ | W113: ✓ | X113: ✓ | Y113: ✓ | Z113: Đang nghiên cứu | AA113: 50 | AB113: https://www.reynaers.com
A114: XF-001 | B114: Nhập khẩu tem đỏ | C114: Xingfa Guangdong 55 | D114: Xingfa | E114: Trung Quốc | F114: GB/T 8478 | G114: Cửa sổ + Cửa đi | H114: Mở quay (Casement) | I114: Khung 55mm tem đỏ Quảng Đông | J114: Ngoại thất | K114: Nhà phố, biệt thự phổ thông, chung cư | L114: 1.4 | M114: 5-10mm / Kính hộp đến 24mm | N114: 24mm | O114: 1200×2200 | P114: 80 | Q114: Phụ kiện Kinlong / Draho rãnh 22 | R114: Gioăng EPDM kép / Silicon Apollo | S114: Sơn tĩnh điện chất lượng cao | T114: Cực kỳ cứng chắc nhờ gân gia cường, màu sơn đẹp bền màu đạt chuẩn Qualicoat | U114: Nhiều hàng giả hàng nhái, rãnh 22 không lắp được phụ kiện rãnh C | V114: ✓ | W114: ✗ | X114: ✓ | Y114: ✓ | Z114: Hoàn thành | AA114: 90 | AB114: https://www.xingfa-alu.com | AC114: https://nhomkinhdaiphuc.com/catalogue/catalogue-nhom-xingfa-nhap-khau-quang-dong-1.html
A115: XF-002 | B115: Nhập khẩu tem đỏ | C115: Xingfa Guangdong 93 | D115: Xingfa | E115: Trung Quốc | F115: GB/T 8478 | G115: Cửa đi | H115: Trượt lùa (Sliding) | I115: Khung trượt 93mm 2 ray/3 ray | J115: Ngoại thất | K115: Căn hộ, văn phòng, biệt thự | L115: 2 | M115: Kính đơn/hộp 6-24mm | N115: 24mm | O115: 4000×2400 | P115: 150 | Q115: Bánh xe chịu lực kép & khóa chữ D Kinlong | R115: Gioăng EPDM kép chèn nỉ | S115: Sơn tĩnh điện bóng/mờ | T115: Thanh nhôm dày 2.0mm cực kỳ vững chãi, chịu bão gió giật ven biển rất tốt | U115: Thanh ray dưới đúc nổi gây vấp chân khi đi lại nếu không âm sàn | V115: ✓ | W115: ✗ | X115: ✓ | Y115: ✓ | Z115: Hoàn thành | AA115: 85 | AB115: https://www.xingfa-alu.com | AC115: https://nhomkinhdaiphuc.com/catalogue/catalogue-nhom-xingfa-nhap-khau-quang-dong-1.html
A116: XF-003 | B116: Nhập khẩu tem đỏ | C116: Xingfa Guangdong 55 Slide | D116: Xingfa | E116: Trung Quốc | F116: GB/T 8478 | G116: Cửa sổ | H116: Trượt lùa (Sliding) | I116: Khung lùa bản mỏng 55mm | J116: Ngoại thất | K116: Chung cư, nhà phố diện tích hẹp | L116: 1.2 | M116: Kính đơn 5-10mm | N116: 10mm | O116: 1800×1400 | P116: 70 | Q116: Bánh xe đơn & khóa sập Kinlong | R116: Gioăng chèn nỉ / Silicon Apollo | S116: Sơn tĩnh điện mờ | T116: Giải pháp cửa sổ lùa cực kỳ gọn nhẹ tiết kiệm diện tích mở cánh, giá rẻ | U116: Kết cấu mỏng nhẹ không lắp được cánh cửa đi lớn | V116: ✓ | W116: ✗ | X116: ✓ | Y116: ✓ | Z116: Hoàn thành | AA116: 80 | AB116: https://www.xingfa-alu.com | AC116: https://nhomkinhdaiphuc.com/catalogue/catalogue-nhom-xingfa-nhap-khau-quang-dong-1.html
A117: XF-004 | B117: Nhập khẩu tem đỏ | C117: Xingfa Guangdong 63 | D117: Xingfa | E117: Trung Quốc | F117: GB/T 8478 | G117: Cửa đi | H117: Xếp trượt gấp (Bifold) | I117: Khung lùa xếp bản dày rãnh C | J117: Ngoại thất | K117: Biệt thự sân vườn, lối ra ban công penhouse lớn | L117: 1.5 | M117: Kính đơn/hộp 6-28mm | N117: 28mm | O117: 6000×2800 | P117: 200 | Q117: Bánh xe treo & bản lề liên kết Kinlong | R117: Gioăng chèn nỉ đa lớp / Silicon Dow | S117: Sơn tĩnh điện bóng/mờ | T117: Mở rộng tối đa 99% khẩu độ ô cửa lấy thoáng tối đa, sang trọng biệt thự | U117: Kỹ thuật căn chỉnh bản lề bánh xe phức tạp, phụ kiện đắt | V117: ✓ | W117: ✗ | X117: ✓ | Y117: ✓ | Z117: Hoàn thành | AA117: 85 | AB117: https://www.xingfa-alu.com | AC117: https://nhomkinhdaiphuc.com/catalogue/catalogue-nhom-xingfa-nhap-khau-quang-dong-1.html
A118: XF-005 | B118: Nhập khẩu tem đỏ | C118: Xingfa Guangdong 65 | D118: Xingfa | E118: Trung Quốc | F118: GB/T 8478 | G118: Vách mặt dựng | H118: Cố định (Fixed Curtain Wall) | I118: Xương mặt dựng Stick bản 65mm | J118: Ngoại thất | K118: Tòa nhà văn phòng cao tầng, showroom ô tô mặt tiền lớn | L118: 2.5 | M118: Kính cường lực / Kính hộp phản quang | N118: 32mm | O118: Không giới hạn | P118: 500 | Q118: Ke chịu lực kết cấu & bulong inox | R118: Silicon kết cấu Dow Corning 791/895 | S118: Anodized, PVDF 3 lớp | T118: Xương chịu lực cực dày cản gió bão lớn cao tầng, mạ bề mặt bền bỉ | U118: Thi công lắp dựng leo giàn giáo bên ngoài nguy hiểm phức tạp | V118: ✓ | W118: ✓ | X118: ✓ | Y118: ✓ | Z118: Hoàn thành | AA118: 85 | AB118: https://www.xingfa-alu.com | AC118: https://nhomkinhdaiphuc.com/catalogue/catalogue-nhom-xingfa-nhap-khau-quang-dong-1.html
A119: XF-006 | B119: Cao cấp Class A | C119: Xingfa Class A | D119: Xingfa | E119: Trung Quốc/VN | F119: GB/T & EN | G119: Cửa đi + Cửa sổ | H119: Mở quay | I119: Khung phẳng rãnh C Châu Âu mạ ED | J119: Ngoại thất | K119: Biệt thự Luxury, resort ven biển cao cấp | L119: 2 | M119: Kính hộp Low-E cách âm cách nhiệt | N119: 32mm | O119: 1600×2800 | P119: 150 | Q119: Phụ kiện CMECH / Roto rãnh C Châu Âu | R119: Gioăng EPDM đa khoang trung tâm | S119: Mạ điện di Anodized ED bảo hành 25 năm | T119: Bản nhôm phẳng không gân hiện đại, xi mạ ED chống muối mặn ăn mòn muối biển | U119: Giá thành nhôm thanh và phụ kiện đi kèm thuộc hàng đắt nhất | V119: ✓ | W119: ✓ | X119: ✓ | Y119: ✓ | Z119: Hoàn thành | AA119: 80 | AB119: https://www.xingfa-alu.com | AC119: https://nhomkinhdaiphuc.com/catalogue/catalogue-nhom-xingfa-nhap-khau-quang-dong-1.html
A120: XF-007 | B120: Việt Nam sản xuất | C120: Xingfa Việt Nam 55 | D120: Nhiều nhà máy | E120: Việt Nam | F120: TCVN | G120: Cửa đi + Cửa sổ | H120: Mở quay | I120: Khung 55mm đùn ép trong nước | J120: Nội/Ngoại thất | K120: Nhà phố dân dụng phổ thông, văn phòng giá rẻ | L120: 1.2 | M120: Kính đơn 5-10mm / Kính dán | N120: 10mm | O120: 1200×2200 | P120: 80 | Q120: Phụ kiện PMA / Kinlong rãnh 22 | R120: Gioăng EPDM đơn / Silicon Apollo | S120: Sơn tĩnh điện nội địa | T120: Chi phí cực kỳ kinh tế rẻ hơn hàng nhập 35%, sẵn hàng nhanh chóng | U120: Kết cấu mỏng, chống gió bão giật yếu hơn hàng nhập khẩu Quảng Đông | V120: ✓ | W120: ✗ | X120: ✓ | Y120: ✓ | Z120: Hoàn thành | AA120: 85 | AB120: https://vietphapshal.com.vn | AC120: https://nhomkinhdaiphuc.com/catalogue/catalogue-nhom-xingfa-viet-nam-10.html
A121: XF-008 | B121: Việt Nam sản xuất | C121: Xingfa Việt Nam 93 | D121: Nhiều nhà máy | E121: Việt Nam | F121: TCVN | G121: Cửa đi | H121: Trượt lùa (Sliding) | I121: Khung trượt 93mm trong nước | J121: Ngoại thất | K121: Cửa đi thông phòng văn phòng, nhà xưởng | L121: 1.4 | M121: Kính đơn 5-12mm | N121: 12mm | O121: 3000×2400 | P121: 100 | Q121: Bánh xe đơn & khóa sập trong nước | R121: Gioăng chèn nỉ mỏng / Apollo | S121: Sơn tĩnh điện mờ | T121: Giải pháp cửa đi trượt lùa vô cùng kinh tế giúp tiết kiệm không gian | U121: Ray trượt dễ bị mòn xước, trượt không đầm chắc tay | V121: ✓ | W121: ✗ | X121: ✓ | Y121: ✓ | Z121: Hoàn thành | AA121: 80 | AB121: https://vietphapshal.com.vn | AC121: https://nhomkinhdaiphuc.com/catalogue/catalogue-nhom-xingfa-viet-nam-10.html
A122: XF-009 | B122: Việt Nam sản xuất | C122: Xingfa Việt Nam 63 | D122: Nhiều nhà máy | E122: Việt Nam | F122: TCVN | G122: Cửa đi | H122: Xếp trượt gấp (Bifold) | I122: Khung xếp gấp đùn ép trong nước | J122: Ngoại thất | K122: Nhà dân trung cấp, cửa ra ban công rẻ | L122: 1.4 | M122: Kính đơn/dán 6-12mm | N122: 12mm | O122: 4500×2400 | P122: 120 | Q122: Phụ kiện xếp gấp Kinlong / Draho nội địa | R122: Gioăng EPDM kép / Silicon Apollo | S122: Sơn tĩnh điện | T122: Chi phí đầu tư rẻ, dễ mua sẵn hàng thi công nhanh chóng | U122: Khung mỏng dễ sệ cánh nếu số lượng cánh trên 5 cánh | V122: ✓ | W122: ✗ | X122: ✓ | Y122: ✓ | Z122: Hoàn thành | AA122: 80 | AB122: https://vietphapshal.com.vn | AC122: https://nhomkinhdaiphuc.com/catalogue/catalogue-nhom-xingfa-viet-nam-10.html
A123: XF-010 | B123: Việt Nam sản xuất | C123: Xingfa Việt Nam 65 | D123: Nhiều nhà máy | E123: Việt Nam | F123: TCVN | G123: Vách mặt dựng | H123: Cố định (Stick) | I123: Profile xương mặt dựng Stick nội địa | J123: Ngoại thất | K123: Showroom, vách mặt tiền nhà phố trung tầng | L123: 2 | M123: Bulong & ke chịu lực nội địa | N123: 24mm | O123: Không giới hạn | P123: 350 | Q123: Chốt kết cấu thép mạ kẽm | R123: Silicon Apollo kết cấu chống nước | S123: Sơn tĩnh điện thường | T123: Rút ngắn thời gian đặt hàng nhập khẩu, giá rẻ, dễ lắp ráp Stick | U123: Chỉ phù hợp tòa nhà thấp tầng, chống rung chấn trung bình | V123: ✓ | W123: ✗ | X123: ✓ | Y123: ✓ | Z123: Hoàn thành | AA123: 80 | AB123: https://vietphapshal.com.vn | AC123: https://nhomkinhdaiphuc.com/catalogue/catalogue-nhom-xingfa-viet-nam-10.html
A124: PI-001 | B124: Tầm trung rãnh C | C124: PMI PE45 | D124: PMI | E124: Malaysia | F124: AAMA, Qualicoat | G124: Cửa đi + Cửa sổ | H124: Mở quay | I124: Khung rãnh C 45mm + Cánh | J124: Ngoại thất | K124: Căn hộ chung cư, nhà phố trung cấp | L124: 1.4 | M124: Kính đơn/hộp 6-24mm | N124: 24mm | O124: 1400×2400 | P124: 100 | Q124: Phụ kiện rãnh C Châu Âu (Sigico, Hopo) | R124: Gioăng EPDM kép / Silicon Dow | S124: Sơn tĩnh điện AkzoNobel | T124: Khung rãnh C chuẩn Châu Âu, dễ gia công lắp phụ kiện cao cấp, nước sơn mịn | U124: Không có cầu cách nhiệt nên cản nhiệt trung bình | V124: ✓ | W124: ✓ | X124: ✓ | Y124: ✓ | Z124: Hoàn thành | AA124: 85 | AB124: https://nhomkinhdaiphuc.com/catalogue/catalogue-nhom-pmi-16.html | AC124: https://nhomkinhdaiphuc.com/catalogue/catalogue-nhom-pmi-16.html
A125: PI-002 | B125: Cầu cách nhiệt | C125: PMI DPE56 | D125: PMI | E125: Malaysia | F125: AAMA, Qualicoat | G125: Cửa đi + Cửa sổ | H125: Mở quay | I125: Khung cầu Polyamide 56mm | J125: Ngoại thất | K125: Biệt thự, resort, phòng ngủ hướng Tây nắng nóng | L125: 1.4 | M125: Kính hộp Low-E cách nhiệt 24-32mm | N125: 32mm | O125: 1400×2600 | P125: 120 | Q125: Phụ kiện CMECH / Roto rãnh C cách nhiệt | R125: Gioăng EPDM đa khoang trung tâm | S125: Sơn tĩnh điện cao cấp | T125: Khả năng cách âm cách nhiệt tuyệt vời, giảm truyền nhiệt phòng điều hòa 30% | U125: Chi phí phôi nhôm cầu cách nhiệt nhập khẩu đắt đỏ | V125: ✓ | W125: ✓ | X125: ✓ | Y125: ✓ | Z125: Hoàn thành | AA125: 80 | AB125: https://nhomkinhdaiphuc.com/catalogue/catalogue-nhom-pmi-16.html | AC125: https://nhomkinhdaiphuc.com/catalogue/catalogue-nhom-pmi-16.html
... A133: PI-010 | B133: Lift & Slide | C133: PMI DLM128 | D133: PMI | E133: Malaysia | F133: AAMA, Qualicoat | G133: Cửa đi | H133: Trượt nâng siêu tải (Lift & Slide) | I133: Khung trượt nâng 128mm cực dày | J133: Ngoại thất | K133: Biệt thự Luxury diện tích mặt lớn, penthouses | L133: 2.2 | M133: Kính hộp Low-E dải rộng | N133: 36mm | O133: 7000×3000 | P133: 350 | Q133: Phụ kiện trượt nâng siêu tải Hopo/CMECH | R133: Gioăng đúc đa khoang chịu lực | S133: Sơn tĩnh điện bảo hành 15 năm | T133: Kết cấu vững chãi chịu gió bão ven biển tốt nhất, mở rộng khẩu độ cánh lớn | U133: Chi phí cực kỳ đắt đỏ, đòi hỏi nền sàn phẳng tuyệt đối khi lắp | V133: ✓ | W133: ✓ | X133: ✓ | Y133: ✓ | Z133: Hoàn thành | AA133: 80 | AB133: https://nhomkinhdaiphuc.com/catalogue/catalogue-nhom-pmi-16.html | AC133: https://nhomkinhdaiphuc.com/catalogue/catalogue-nhom-pmi-16.html
A134: YK-001 | B134: Casement Nhật | C134: YKK WS55 | D134: YKK AP | E134: Nhật Bản | F134: JIS A 4702 / JIS A 4706 | G134: Cửa sổ + Cửa đi | H134: Mở quay + Mở hất (Casement + Awning) | I134: Khung 55mm chuẩn Nhật + Cánh đặc chủng Nhật | J134: Ngoại thất | K134: Biệt thự, chung cư cao cấp Nhật và Việt Nam | L134: 1.6 | M134: 5-12mm / Kính hộp 20-28mm | N134: 12mm | O134: 1600×2800 | P134: 150 | Q134: Phụ kiện YKK AP nguyên bộ Nhật | R134: Gioăng EPDM Nhật tiêu chuẩn JIS | S134: Anodized Nhật bạc tự nhiên – bền 40 năm chuẩn Nhật | T134: Kiểm soát chất lượng chuẩn Nhật JIS, độ bền vượt trội, thẩm mỹ tinh tế | U134: Giá cao hơn hàng VN 2-3 lần | V134: ✓ | W134: ✓ | X134: ✓ | Y134: ✓ | Z134: Đang nghiên cứu | AA134: 65 | AB134: https://www.ykkap.co.jp
A135: YK-002 | B135: Sliding Nhật | C135: YKK SL90 | D135: YKK AP | E135: Nhật Bản | F135: JIS A 4706 | G135: Cửa đi | H135: Trượt lùa (Sliding) | I135: Khung + Ray inox Nhật tiêu chuẩn JIS | J135: Ngoại thất | K135: Biệt thự, chung cư cao cấp | L135: 1.8 | M135: Kính cường lực 10-15mm / Kính hộp 20-28mm | N135: 15mm | O135: 4000×2400 | P135: 200 | Q135: Ray inox SUS304 Nhật | R135: Gioăng EPDM Nhật | S135: Anodized Nhật, sơn bột Nhật | T135: Trượt cực êm chuẩn Nhật JIS, bánh xe chịu tải cao | U135: Giá cao, phân phối hạn chế VN | V135: ✓ | W135: ✓ | X135: ✓ | Y135: ✓ | Z135: Đang nghiên cứu | AA135: 60 | AB135: https://www.ykkap.co.jp
A136: HD-001 | B136: Anodized Cao cấp | C136: Hondalex LV 60 | D136: Hondalex | E136: Nhật Bản/VN | F136: JIS H4100 | G136: Cửa đi | H136: Mở quay | I136: Khung bản dày 60mm + Cánh | J136: Ngoại thất | K136: Biệt thự cao cấp, khách sạn mặt tiền biển | L136: 1.8 | M136: Kính cường lực 10-15mm / Kính hộp | N136: 24mm | O136: 1600×2800 | P136: 150 | Q136: Phụ kiện Hopo / CMECH / Long Vân rãnh C | R136: Gioăng EPDM Nhật Bản / Silicon Dow | S136: Mạ điện di Anodize ED bền trên 40 năm | T136: Lớp bề mặt Anodize ED bóng mịn chống ăn mòn cực cao, bền trên 40 năm chuẩn JIS Nhật Bản | U136: Giá thành nhôm thanh xi mạ ED và phụ kiện đi kèm khá cao, kén thợ | V136: ✓ | W136: ✓ | X136: ✓ | Y136: ✓ | Z136: Hoàn thành | AA136: 80 | AB136: https://vietphapshal.com.vn | AC136: https://nhomkinhdaiphuc.com/catalogue/catalogue-nhom-hondalex-longvangroup-50.html
A137: HD-002 | B137: Anodized Trung cấp | C137: Hondalex LV 34 | D137: Hondalex | E137: Nhật Bản/VN | F137: JIS H4100 | G137: Cửa đi | H137: Mở quay | I137: Khung bản nhỏ gọn + Cánh | J137: Nội thất | K137: Cửa thông phòng biệt thự, cửa đi căn hộ chung cư | L137: 1.2 | M137: Kính đơn 5-10mm | N137: 10mm | O137: 1200×2400 | P137: 90 | Q137: Phụ kiện đồng bộ Long Vân rãnh 22 | R137: Gioăng cao su chèn sập / Silicon Apollo | S137: Mạ điện di Anodize ED | T137: Thẩm mỹ gọn nhẹ tinh giản kiểu Nhật Bản, giá thành hợp lý, dễ sản xuất | U137: Bản nhôm mỏng không lắp được kính hộp quá dày cách âm | V137: ✓ | W137: ✗ | X137: ✓ | Y137: ✓ | Z137: Hoàn thành | AA137: 80 | AB137: https://vietphapshal.com.vn | AC137: https://nhomkinhdaiphuc.com/catalogue/catalogue-nhom-hondalex-longvangroup-50.html
A138: HD-003 | B138: Anodized Trung cấp | C138: Hondalex LV 70 | D138: Hondalex | E138: Nhật Bản/VN | F138: JIS H4100 | G138: Cửa đi | H138: Mở quay | I138: Khung bản 70mm tối ưu nhẹ | J138: Ngoại thất | K138: Căn hộ, văn phòng làm việc, nhà phố | L138: 1.2 | M138: Kính đơn 5-12mm / Kính hộp | N138: 18mm | O138: 1400×2400 | P138: 100 | Q138: Phụ kiện chốt gạt Long Vân / Kinlong | R138: Gioăng EPDM / Silicon Apollo | S138: Mạ điện di Anodize ED | T138: Trọng lượng tối ưu giúp vận hành đóng mở nhẹ tay êm ái, xi mạ chống xước rất tốt | U138: Độ chắn gió giật ngoại thất kém hơn bản LV 60 dày | V138: ✓ | W138: ✗ | X138: ✓ | Y138: ✓ | Z138: Hoàn thành | AA138: 80 | AB138: https://vietphapshal.com.vn | AC138: https://nhomkinhdaiphuc.com/catalogue/catalogue-nhom-hondalex-longvangroup-50.html
A139: HD-004 | B139: Anodized Cao cấp | C139: Hondalex LV 60 Window | D139: Hondalex | E139: Nhật Bản/VN | F139: JIS H4100 | G139: Cửa sổ | H139: Mở hất + Mở quay | I139: Khung sổ 60mm chống dột | J139: Ngoại thất | K139: Cửa sổ nhà cao tầng, biệt thự ven biển | L139: 1.5 | M139: Kính đơn/hộp 6-24mm | N139: 24mm | O139: 1400×1600 | P139: 120 | Q139: Bản lề chữ A & tay gạt đa điểm rãnh C | R139: Gioăng EPDM đa lớp / Silicon Dow | S139: Mạ điện di Anodize ED | T139: Cửa sổ chống dột nước mưa cực tốt nhờ hệ gioăng EPDM đúc Nhật, chịu bão tốt | U139: Trọng lượng nặng hơn các dòng cửa sổ nhôm thường | V139: ✓ | W139: ✓ | X139: ✓ | Y139: ✓ | Z139: Hoàn thành | AA139: 80 | AB139: https://vietphapshal.com.vn | AC139: https://nhomkinhdaiphuc.com/catalogue/catalogue-nhom-hondalex-longvangroup-50.html
A140: HD-005 | B140: Anodized Phổ thông | C140: Hondalex LV 38 Window | D140: Hondalex | E140: Nhật Bản/VN | F140: JIS H4100 | G140: Cửa sổ | H140: Mở hất gọn nhẹ | I140: Khung sổ 38mm bản mỏng | J140: Nội/Ngoại thất | K140: Ô thoáng, cửa sổ phụ nhà dân bình dân | L140: 0.9 | M140: Kính đơn 5-10mm | N140: 10mm | O140: 800×1200 | P140: 50 | Q140: Chốt bật & phụ kiện nhẹ Long Vân | R140: Gioăng cao su chèn sập / Apollo | S140: Mạ điện di Anodize ED | T140: Chi phí siêu tiết kiệm cho công trình dân dụng, gia công dập ke góc cực nhanh | U140: Độ bền chịu tải yếu, không lắp được ở các vị trí cao chịu bão lớn | V140: ✓ | W140: ✗ | X140: ✓ | Y140: ✓ | Z140: Hoàn thành | AA140: 80 | AB140: https://vietphapshal.com.vn | AC140: https://nhomkinhdaiphuc.com/catalogue/catalogue-nhom-hondalex-longvangroup-50.html
...

Sheet 02_TỔNG QUAN HỆ NHÔM
A1: BẢNG TỔNG QUAN SỐ LƯỢNG HỆ THEO TỪNG HÃNG SẢN XUẤT
A4: Hãng | B4: Số Hệ | C4: Cửa Đi | D4: Cửa Sổ | E4: Hệ Slim | F4: Hệ Thermal | G4: Vách / Mặt Dựng | H4: Lan Can
A5: Civro | B5: =COUNTIF('01_MASTER_DATABASE'!$D$2:$D$500, A5) | C5: =COUNTIFS('01_MASTER_DATABASE'!$D$2:$D$500, A5, '01_MASTER_DATABASE'!$G$2:$G$500, "*Cửa đi*") | D5: =COUNTIFS('01_MASTER_DATABASE'!$D$2:$D$500, A5, '01_MASTER_DATABASE'!$G$2:$G$500, "*Cửa sổ*") | E5: =COUNTIFS('01_MASTER_DATABASE'!$D$2:$D$500, A5, '01_MASTER_DATABASE'!$B$2:$B$500, "*Slim*") | F5: =COUNTIFS('01_MASTER_DATABASE'!$D$2:$D$500, A5, '01_MASTER_DATABASE'!$B$2:$B$500, "*Thermal*") + COUNTIFS('01_MASTER_DATABASE'!$D$2:$D$500, A5, '01_MASTER_DATABASE'!$B$2:$B$500, "*cầu*") | G5: =COUNTIFS('01_MASTER_DATABASE'!$D$2:$D$500, A5, '01_MASTER_DATABASE'!$G$2:$G$500, "*mặt dựng*") + COUNTIFS('01_MASTER_DATABASE'!$D$2:$D$500, A5, '01_MASTER_DATABASE'!$G$2:$G$500, "*vách*") | H5: =COUNTIFS('01_MASTER_DATABASE'!$D$2:$D$500, A5, '01_MASTER_DATABASE'!$G$2:$G$500, "*lan can*")
A6: Civro/Maxpro/Soco | B6: =COUNTIF('01_MASTER_DATABASE'!$D$2:$D$500, A6) | C6: =COUNTIFS('01_MASTER_DATABASE'!$D$2:$D$500, A6, '01_MASTER_DATABASE'!$G$2:$G$500, "*Cửa đi*") | D6: =COUNTIFS('01_MASTER_DATABASE'!$D$2:$D$500, A6, '01_MASTER_DATABASE'!$G$2:$G$500, "*Cửa sổ*") | E6: =COUNTIFS('01_MASTER_DATABASE'!$D$2:$D$500, A6, '01_MASTER_DATABASE'!$B$2:$B$500, "*Slim*") | F6: =COUNTIFS('01_MASTER_DATABASE'!$D$2:$D$500, A6, '01_MASTER_DATABASE'!$B$2:$B$500, "*Thermal*") + COUNTIFS('01_MASTER_DATABASE'!$D$2:$D$500, A6, '01_MASTER_DATABASE'!$B$2:$B$500, "*cầu*") | G6: =COUNTIFS('01_MASTER_DATABASE'!$D$2:$D$500, A6, '01_MASTER_DATABASE'!$G$2:$G$500, "*mặt dựng*") + COUNTIFS('01_MASTER_DATABASE'!$D$2:$D$500, A6, '01_MASTER_DATABASE'!$G$2:$G$500, "*vách*") | H6: =COUNTIFS('01_MASTER_DATABASE'!$D$2:$D$500, A6, '01_MASTER_DATABASE'!$G$2:$G$500, "*lan can*")
A7: Civro/Owin/Local | B7: =COUNTIF('01_MASTER_DATABASE'!$D$2:$D$500, A7) | C7: =COUNTIFS('01_MASTER_DATABASE'!$D$2:$D$500, A7, '01_MASTER_DATABASE'!$G$2:$G$500, "*Cửa đi*") | D7: =COUNTIFS('01_MASTER_DATABASE'!$D$2:$D$500, A7, '01_MASTER_DATABASE'!$G$2:$G$500, "*Cửa sổ*") | E7: =COUNTIFS('01_MASTER_DATABASE'!$D$2:$D$500, A7, '01_MASTER_DATABASE'!$B$2:$B$500, "*Slim*") | F7: =COUNTIFS('01_MASTER_DATABASE'!$D$2:$D$500, A7, '01_MASTER_DATABASE'!$B$2:$B$500, "*Thermal*") + COUNTIFS('01_MASTER_DATABASE'!$D$2:$D$500, A7, '01_MASTER_DATABASE'!$B$2:$B$500, "*cầu*") | G7: =COUNTIFS('01_MASTER_DATABASE'!$D$2:$D$500, A7, '01_MASTER_DATABASE'!$G$2:$G$500, "*mặt dựng*") + COUNTIFS('01_MASTER_DATABASE'!$D$2:$D$500, A7, '01_MASTER_DATABASE'!$G$2:$G$500, "*vách*") | H7: =COUNTIFS('01_MASTER_DATABASE'!$D$2:$D$500, A7, '01_MASTER_DATABASE'!$G$2:$G$500, "*lan can*")
A8: Civro/PAG/Schüco | B8: =COUNTIF('01_MASTER_DATABASE'!$D$2:$D$500, A8) | C8: =COUNTIFS('01_MASTER_DATABASE'!$D$2:$D$500, A8, '01_MASTER_DATABASE'!$G$2:$G$500, "*Cửa đi*") | D8: =COUNTIFS('01_MASTER_DATABASE'!$D$2:$D$500, A8, '01_MASTER_DATABASE'!$G$2:$G$500, "*Cửa sổ*") | E8: =COUNTIFS('01_MASTER_DATABASE'!$D$2:$D$500, A8, '01_MASTER_DATABASE'!$B$2:$B$500, "*Slim*") | F8: =COUNTIFS('01_MASTER_DATABASE'!$D$2:$D$500, A8, '01_MASTER_DATABASE'!$B$2:$B$500, "*Thermal*") + COUNTIFS('01_MASTER_DATABASE'!$D$2:$D$500, A8, '01_MASTER_DATABASE'!$B$2:$B$500, "*cầu*") | G8: =COUNTIFS('01_MASTER_DATABASE'!$D$2:$D$500, A8, '01_MASTER_DATABASE'!$G$2:$G$500, "*mặt dựng*") + COUNTIFS('01_MASTER_DATABASE'!$D$2:$D$500, A8, '01_MASTER_DATABASE'!$G$2:$G$500, "*vách*") | H8: =COUNTIFS('01_MASTER_DATABASE'!$D$2:$D$500, A8, '01_MASTER_DATABASE'!$G$2:$G$500, "*lan can*")
A9: Các hãng | B9: =COUNTIF('01_MASTER_DATABASE'!$D$2:$D$500, A9) | C9: =COUNTIFS('01_MASTER_DATABASE'!$D$2:$D$500, A9, '01_MASTER_DATABASE'!$G$2:$G$500, "*Cửa đi*") | D9: =COUNTIFS('01_MASTER_DATABASE'!$D$2:$D$500, A9, '01_MASTER_DATABASE'!$G$2:$G$500, "*Cửa sổ*") | E9: =COUNTIFS('01_MASTER_DATABASE'!$D$2:$D$500, A9, '01_MASTER_DATABASE'!$B$2:$B$500, "*Slim*") | F9: =COUNTIFS('01_MASTER_DATABASE'!$D$2:$D$500, A9, '01_MASTER_DATABASE'!$B$2:$B$500, "*Thermal*") + COUNTIFS('01_MASTER_DATABASE'!$D$2:$D$500, A9, '01_MASTER_DATABASE'!$B$2:$B$500, "*cầu*") | G9: =COUNTIFS('01_MASTER_DATABASE'!$D$2:$D$500, A9, '01_MASTER_DATABASE'!$G$2:$G$500, "*mặt dựng*") + COUNTIFS('01_MASTER_DATABASE'!$D$2:$D$500, A9, '01_MASTER_DATABASE'!$G$2:$G$500, "*vách*") | H9: =COUNTIFS('01_MASTER_DATABASE'!$D$2:$D$500, A9, '01_MASTER_DATABASE'!$G$2:$G$500, "*lan can*")
A10: Dorma/Besam/Local | B10: =COUNTIF('01_MASTER_DATABASE'!$D$2:$D$500, A10) | C10: =COUNTIFS('01_MASTER_DATABASE'!$D$2:$D$500, A10, '01_MASTER_DATABASE'!$G$2:$G$500, "*Cửa đi*") | D10: =COUNTIFS('01_MASTER_DATABASE'!$D$2:$D$500, A10, '01_MASTER_DATABASE'!$G$2:$G$500, "*Cửa sổ*") | E10: =COUNTIFS('01_MASTER_DATABASE'!$D$2:$D$500, A10, '01_MASTER_DATABASE'!$B$2:$B$500, "*Slim*") | F10: =COUNTIFS('01_MASTER_DATABASE'!$D$2:$D$500, A10, '01_MASTER_DATABASE'!$B$2:$B$500, "*Thermal*") + COUNTIFS('01_MASTER_DATABASE'!$D$2:$D$500, A10, '01_MASTER_DATABASE'!$B$2:$B$500, "*cầu*") | G10: =COUNTIFS('01_MASTER_DATABASE'!$D$2:$D$500, A10, '01_MASTER_DATABASE'!$G$2:$G$500, "*mặt dựng*") + COUNTIFS('01_MASTER_DATABASE'!$D$2:$D$500, A10, '01_MASTER_DATABASE'!$G$2:$G$500, "*vách*") | H10: =COUNTIFS('01_MASTER_DATABASE'!$D$2:$D$500, A10, '01_MASTER_DATABASE'!$G$2:$G$500, "*lan can*")
A11: EuroVN | B11: =COUNTIF('01_MASTER_DATABASE'!$D$2:$D$500, A11) | C11: =COUNTIFS('01_MASTER_DATABASE'!$D$2:$D$500, A11, '01_MASTER_DATABASE'!$G$2:$G$500, "*Cửa đi*") | D11: =COUNTIFS('01_MASTER_DATABASE'!$D$2:$D$500, A11, '01_MASTER_DATABASE'!$G$2:$G$500, "*Cửa sổ*") | E11: =COUNTIFS('01_MASTER_DATABASE'!$D$2:$D$500, A11, '01_MASTER_DATABASE'!$B$2:$B$500, "*Slim*") | F11: =COUNTIFS('01_MASTER_DATABASE'!$D$2:$D$500, A11, '01_MASTER_DATABASE'!$B$2:$B$500, "*Thermal*") + COUNTIFS('01_MASTER_DATABASE'!$D$2:$D$500, A11, '01_MASTER_DATABASE'!$B$2:$B$500, "*cầu*") | G11: =COUNTIFS('01_MASTER_DATABASE'!$D$2:$D$500, A11, '01_MASTER_DATABASE'!$G$2:$G$500, "*mặt dựng*") + COUNTIFS('01_MASTER_DATABASE'!$D$2:$D$500, A11, '01_MASTER_DATABASE'!$G$2:$G$500, "*vách*") | H11: =COUNTIFS('01_MASTER_DATABASE'!$D$2:$D$500, A11, '01_MASTER_DATABASE'!$G$2:$G$500, "*lan can*")
A12: Eurowindow | B12: =COUNTIF('01_MASTER_DATABASE'!$D$2:$D$500, A12) | C12: =COUNTIFS('01_MASTER_DATABASE'!$D$2:$D$500, A12, '01_MASTER_DATABASE'!$G$2:$G$500, "*Cửa đi*") | D12: =COUNTIFS('01_MASTER_DATABASE'!$D$2:$D$500, A12, '01_MASTER_DATABASE'!$G$2:$G$500, "*Cửa sổ*") | E12: =COUNTIFS('01_MASTER_DATABASE'!$D$2:$D$500, A12, '01_MASTER_DATABASE'!$B$2:$B$500, "*Slim*") | F12: =COUNTIFS('01_MASTER_DATABASE'!$D$2:$D$500, A12, '01_MASTER_DATABASE'!$B$2:$B$500, "*Thermal*") + COUNTIFS('01_MASTER_DATABASE'!$D$2:$D$500, A12, '01_MASTER_DATABASE'!$B$2:$B$500, "*cầu*") | G12: =COUNTIFS('01_MASTER_DATABASE'!$D$2:$D$500, A12, '01_MASTER_DATABASE'!$G$2:$G$500, "*mặt dựng*") + COUNTIFS('01_MASTER_DATABASE'!$D$2:$D$500, A12, '01_MASTER_DATABASE'!$G$2:$G$500, "*vách*") | H12: =COUNTIFS('01_MASTER_DATABASE'!$D$2:$D$500, A12, '01_MASTER_DATABASE'!$G$2:$G$500, "*lan can*")
A13: Hondalex | B13: =COUNTIF('01_MASTER_DATABASE'!$D$2:$D$500, A13) | C13: =COUNTIFS('01_MASTER_DATABASE'!$D$2:$D$500, A13, '01_MASTER_DATABASE'!$G$2:$G$500, "*Cửa đi*") | D13: =COUNTIFS('01_MASTER_DATABASE'!$D$2:$D$500, A13, '01_MASTER_DATABASE'!$G$2:$G$500, "*Cửa sổ*") | E13: =COUNTIFS('01_MASTER_DATABASE'!$D$2:$D$500, A13, '01_MASTER_DATABASE'!$B$2:$B$500, "*Slim*") | F13: =COUNTIFS('01_MASTER_DATABASE'!$D$2:$D$500, A13, '01_MASTER_DATABASE'!$B$2:$B$500, "*Thermal*") + COUNTIFS('01_MASTER_DATABASE'!$D$2:$D$500, A13, '01_MASTER_DATABASE'!$B$2:$B$500, "*cầu*") | G13: =COUNTIFS('01_MASTER_DATABASE'!$D$2:$D$500, A13, '01_MASTER_DATABASE'!$G$2:$G$500, "*mặt dựng*") + COUNTIFS('01_MASTER_DATABASE'!$D$2:$D$500, A13, '01_MASTER_DATABASE'!$G$2:$G$500, "*vách*") | H13: =COUNTIFS('01_MASTER_DATABASE'!$D$2:$D$500, A13, '01_MASTER_DATABASE'!$G$2:$G$500, "*lan can*")
A14: Hệ PCCC | B14: =COUNTIF('01_MASTER_DATABASE'!$D$2:$D$500, A14) | C14: =COUNTIFS('01_MASTER_DATABASE'!$D$2:$D$500, A14, '01_MASTER_DATABASE'!$G$2:$G$500, "*Cửa đi*") | D14: =COUNTIFS('01_MASTER_DATABASE'!$D$2:$D$500, A14, '01_MASTER_DATABASE'!$G$2:$G$500, "*Cửa sổ*") | E14: =COUNTIFS('01_MASTER_DATABASE'!$D$2:$D$500, A14, '01_MASTER_DATABASE'!$B$2:$B$500, "*Slim*") | F14: =COUNTIFS('01_MASTER_DATABASE'!$D$2:$D$500, A14, '01_MASTER_DATABASE'!$B$2:$B$500, "*Thermal*") + COUNTIFS('01_MASTER_DATABASE'!$D$2:$D$500, A14, '01_MASTER_DATABASE'!$B$2:$B$500, "*cầu*") | G14: =COUNTIFS('01_MASTER_DATABASE'!$D$2:$D$500, A14, '01_MASTER_DATABASE'!$G$2:$G$500, "*mặt dựng*") + COUNTIFS('01_MASTER_DATABASE'!$D$2:$D$500, A14, '01_MASTER_DATABASE'!$G$2:$G$500, "*vách*") | H14: =COUNTIFS('01_MASTER_DATABASE'!$D$2:$D$500, A14, '01_MASTER_DATABASE'!$G$2:$G$500, "*lan can*")
A15: Hệ Smart | B15: =COUNTIF('01_MASTER_DATABASE'!$D$2:$D$500, A15) | C15: =COUNTIFS('01_MASTER_DATABASE'!$D$2:$D$500, A15, '01_MASTER_DATABASE'!$G$2:$G$500, "*Cửa đi*") | D15: =COUNTIFS('01_MASTER_DATABASE'!$D$2:$D$500, A15, '01_MASTER_DATABASE'!$G$2:$G$500, "*Cửa sổ*") | E15: =COUNTIFS('01_MASTER_DATABASE'!$D$2:$D$500, A15, '01_MASTER_DATABASE'!$B$2:$B$500, "*Slim*") | F15: =COUNTIFS('01_MASTER_DATABASE'!$D$2:$D$500, A15, '01_MASTER_DATABASE'!$B$2:$B$500, "*Thermal*") + COUNTIFS('01_MASTER_DATABASE'!$D$2:$D$500, A15, '01_MASTER_DATABASE'!$B$2:$B$500, "*cầu*") | G15: =COUNTIFS('01_MASTER_DATABASE'!$D$2:$D$500, A15, '01_MASTER_DATABASE'!$G$2:$G$500, "*mặt dựng*") + COUNTIFS('01_MASTER_DATABASE'!$D$2:$D$500, A15, '01_MASTER_DATABASE'!$G$2:$G$500, "*vách*") | H15: =COUNTIFS('01_MASTER_DATABASE'!$D$2:$D$500, A15, '01_MASTER_DATABASE'!$G$2:$G$500, "*lan can*")
A16: Hệ chuyên dụng | B16: =COUNTIF('01_MASTER_DATABASE'!$D$2:$D$500, A16) | C16: =COUNTIFS('01_MASTER_DATABASE'!$D$2:$D$500, A16, '01_MASTER_DATABASE'!$G$2:$G$500, "*Cửa đi*") | D16: =COUNTIFS('01_MASTER_DATABASE'!$D$2:$D$500, A16, '01_MASTER_DATABASE'!$G$2:$G$500, "*Cửa sổ*") | E16: =COUNTIFS('01_MASTER_DATABASE'!$D$2:$D$500, A16, '01_MASTER_DATABASE'!$B$2:$B$500, "*Slim*") | F16: =COUNTIFS('01_MASTER_DATABASE'!$D$2:$D$500, A16, '01_MASTER_DATABASE'!$B$2:$B$500, "*Thermal*") + COUNTIFS('01_MASTER_DATABASE'!$D$2:$D$500, A16, '01_MASTER_DATABASE'!$B$2:$B$500, "*cầu*") | G16: =COUNTIFS('01_MASTER_DATABASE'!$D$2:$D$500, A16, '01_MASTER_DATABASE'!$G$2:$G$500, "*mặt dựng*") + COUNTIFS('01_MASTER_DATABASE'!$D$2:$D$500, A16, '01_MASTER_DATABASE'!$G$2:$G$500, "*vách*") | H16: =COUNTIFS('01_MASTER_DATABASE'!$D$2:$D$500, A16, '01_MASTER_DATABASE'!$G$2:$G$500, "*lan can*")
... A43: Yangli | B43: =COUNTIF('01_MASTER_DATABASE'!$D$2:$D$500, A43) | C43: =COUNTIFS('01_MASTER_DATABASE'!$D$2:$D$500, A43, '01_MASTER_DATABASE'!$G$2:$G$500, "*Cửa đi*") | D43: =COUNTIFS('01_MASTER_DATABASE'!$D$2:$D$500, A43, '01_MASTER_DATABASE'!$G$2:$G$500, "*Cửa sổ*") | E43: =COUNTIFS('01_MASTER_DATABASE'!$D$2:$D$500, A43, '01_MASTER_DATABASE'!$B$2:$B$500, "*Slim*") | F43: =COUNTIFS('01_MASTER_DATABASE'!$D$2:$D$500, A43, '01_MASTER_DATABASE'!$B$2:$B$500, "*Thermal*") + COUNTIFS('01_MASTER_DATABASE'!$D$2:$D$500, A43, '01_MASTER_DATABASE'!$B$2:$B$500, "*cầu*") | G43: =COUNTIFS('01_MASTER_DATABASE'!$D$2:$D$500, A43, '01_MASTER_DATABASE'!$G$2:$G$500, "*mặt dựng*") + COUNTIFS('01_MASTER_DATABASE'!$D$2:$D$500, A43, '01_MASTER_DATABASE'!$G$2:$G$500, "*vách*") | H43: =COUNTIFS('01_MASTER_DATABASE'!$D$2:$D$500, A43, '01_MASTER_DATABASE'!$G$2:$G$500, "*lan can*")

Sheet 03_SO SÁNH PHÂN KHÚC
A1: PHÂN TÍCH HỆ CỬA THEO PHÂN KHÚC THƯƠNG HIỆU
A4: Hãng | B4: Phổ Thông / Tiết Kiệm | C4: Tầm Trung | D4: Cao Cấp rãnh C | E4: Luxury / Siêu Cao Cấp
A5: Civro | B5: =COUNTIFS('01_MASTER_DATABASE'!$D$2:$D$500, A5, '01_MASTER_DATABASE'!$B$2:$B$500, "*Phổ thông*") + COUNTIFS('01_MASTER_DATABASE'!$D$2:$D$500, A5, '01_MASTER_DATABASE'!$B$2:$B$500, "*Vát cạnh*") + COUNTIFS('01_MASTER_DATABASE'!$D$2:$D$500, A5, '01_MASTER_DATABASE'!$B$2:$B$500, "*nhựa*") | C5: =COUNTIFS('01_MASTER_DATABASE'!$D$2:$D$500, A5, '01_MASTER_DATABASE'!$B$2:$B$500, "*Tầm trung*") + COUNTIFS('01_MASTER_DATABASE'!$D$2:$D$500, A5, '01_MASTER_DATABASE'!$B$2:$B$500, "*sản xuất*") | D5: =COUNTIFS('01_MASTER_DATABASE'!$D$2:$D$500, A5, '01_MASTER_DATABASE'!$B$2:$B$500, "*Cao cấp*") + COUNTIFS('01_MASTER_DATABASE'!$D$2:$D$500, A5, '01_MASTER_DATABASE'!$B$2:$B$500, "*Rãnh C*") | E5: =COUNTIFS('01_MASTER_DATABASE'!$D$2:$D$500, A5, '01_MASTER_DATABASE'!$B$2:$B$500, "*Luxury*") + COUNTIFS('01_MASTER_DATABASE'!$D$2:$D$500, A5, '01_MASTER_DATABASE'!$B$2:$B$500, "*Cầu cách nhiệt*")
A6: Civro/Maxpro/Soco | B6: =COUNTIFS('01_MASTER_DATABASE'!$D$2:$D$500, A6, '01_MASTER_DATABASE'!$B$2:$B$500, "*Phổ thông*") + COUNTIFS('01_MASTER_DATABASE'!$D$2:$D$500, A6, '01_MASTER_DATABASE'!$B$2:$B$500, "*Vát cạnh*") + COUNTIFS('01_MASTER_DATABASE'!$D$2:$D$500, A6, '01_MASTER_DATABASE'!$B$2:$B$500, "*nhựa*") | C6: =COUNTIFS('01_MASTER_DATABASE'!$D$2:$D$500, A6, '01_MASTER_DATABASE'!$B$2:$B$500, "*Tầm trung*") + COUNTIFS('01_MASTER_DATABASE'!$D$2:$D$500, A6, '01_MASTER_DATABASE'!$B$2:$B$500, "*sản xuất*") | D6: =COUNTIFS('01_MASTER_DATABASE'!$D$2:$D$500, A6, '01_MASTER_DATABASE'!$B$2:$B$500, "*Cao cấp*") + COUNTIFS('01_MASTER_DATABASE'!$D$2:$D$500, A6, '01_MASTER_DATABASE'!$B$2:$B$500, "*Rãnh C*") | E6: =COUNTIFS('01_MASTER_DATABASE'!$D$2:$D$500, A6, '01_MASTER_DATABASE'!$B$2:$B$500, "*Luxury*") + COUNTIFS('01_MASTER_DATABASE'!$D$2:$D$500, A6, '01_MASTER_DATABASE'!$B$2:$B$500, "*Cầu cách nhiệt*")
A7: Civro/Owin/Local | B7: =COUNTIFS('01_MASTER_DATABASE'!$D$2:$D$500, A7, '01_MASTER_DATABASE'!$B$2:$B$500, "*Phổ thông*") + COUNTIFS('01_MASTER_DATABASE'!$D$2:$D$500, A7, '01_MASTER_DATABASE'!$B$2:$B$500, "*Vát cạnh*") + COUNTIFS('01_MASTER_DATABASE'!$D$2:$D$500, A7, '01_MASTER_DATABASE'!$B$2:$B$500, "*nhựa*") | C7: =COUNTIFS('01_MASTER_DATABASE'!$D$2:$D$500, A7, '01_MASTER_DATABASE'!$B$2:$B$500, "*Tầm trung*") + COUNTIFS('01_MASTER_DATABASE'!$D$2:$D$500, A7, '01_MASTER_DATABASE'!$B$2:$B$500, "*sản xuất*") | D7: =COUNTIFS('01_MASTER_DATABASE'!$D$2:$D$500, A7, '01_MASTER_DATABASE'!$B$2:$B$500, "*Cao cấp*") + COUNTIFS('01_MASTER_DATABASE'!$D$2:$D$500, A7, '01_MASTER_DATABASE'!$B$2:$B$500, "*Rãnh C*") | E7: =COUNTIFS('01_MASTER_DATABASE'!$D$2:$D$500, A7, '01_MASTER_DATABASE'!$B$2:$B$500, "*Luxury*") + COUNTIFS('01_MASTER_DATABASE'!$D$2:$D$500, A7, '01_MASTER_DATABASE'!$B$2:$B$500, "*Cầu cách nhiệt*")
A8: Civro/PAG/Schüco | B8: =COUNTIFS('01_MASTER_DATABASE'!$D$2:$D$500, A8, '01_MASTER_DATABASE'!$B$2:$B$500, "*Phổ thông*") + COUNTIFS('01_MASTER_DATABASE'!$D$2:$D$500, A8, '01_MASTER_DATABASE'!$B$2:$B$500, "*Vát cạnh*") + COUNTIFS('01_MASTER_DATABASE'!$D$2:$D$500, A8, '01_MASTER_DATABASE'!$B$2:$B$500, "*nhựa*") | C8: =COUNTIFS('01_MASTER_DATABASE'!$D$2:$D$500, A8, '01_MASTER_DATABASE'!$B$2:$B$500, "*Tầm trung*") + COUNTIFS('01_MASTER_DATABASE'!$D$2:$D$500, A8, '01_MASTER_DATABASE'!$B$2:$B$500, "*sản xuất*") | D8: =COUNTIFS('01_MASTER_DATABASE'!$D$2:$D$500, A8, '01_MASTER_DATABASE'!$B$2:$B$500, "*Cao cấp*") + COUNTIFS('01_MASTER_DATABASE'!$D$2:$D$500, A8, '01_MASTER_DATABASE'!$B$2:$B$500, "*Rãnh C*") | E8: =COUNTIFS('01_MASTER_DATABASE'!$D$2:$D$500, A8, '01_MASTER_DATABASE'!$B$2:$B$500, "*Luxury*") + COUNTIFS('01_MASTER_DATABASE'!$D$2:$D$500, A8, '01_MASTER_DATABASE'!$B$2:$B$500, "*Cầu cách nhiệt*")
A9: Các hãng | B9: =COUNTIFS('01_MASTER_DATABASE'!$D$2:$D$500, A9, '01_MASTER_DATABASE'!$B$2:$B$500, "*Phổ thông*") + COUNTIFS('01_MASTER_DATABASE'!$D$2:$D$500, A9, '01_MASTER_DATABASE'!$B$2:$B$500, "*Vát cạnh*") + COUNTIFS('01_MASTER_DATABASE'!$D$2:$D$500, A9, '01_MASTER_DATABASE'!$B$2:$B$500, "*nhựa*") | C9: =COUNTIFS('01_MASTER_DATABASE'!$D$2:$D$500, A9, '01_MASTER_DATABASE'!$B$2:$B$500, "*Tầm trung*") + COUNTIFS('01_MASTER_DATABASE'!$D$2:$D$500, A9, '01_MASTER_DATABASE'!$B$2:$B$500, "*sản xuất*") | D9: =COUNTIFS('01_MASTER_DATABASE'!$D$2:$D$500, A9, '01_MASTER_DATABASE'!$B$2:$B$500, "*Cao cấp*") + COUNTIFS('01_MASTER_DATABASE'!$D$2:$D$500, A9, '01_MASTER_DATABASE'!$B$2:$B$500, "*Rãnh C*") | E9: =COUNTIFS('01_MASTER_DATABASE'!$D$2:$D$500, A9, '01_MASTER_DATABASE'!$B$2:$B$500, "*Luxury*") + COUNTIFS('01_MASTER_DATABASE'!$D$2:$D$500, A9, '01_MASTER_DATABASE'!$B$2:$B$500, "*Cầu cách nhiệt*")
A10: Dorma/Besam/Local | B10: =COUNTIFS('01_MASTER_DATABASE'!$D$2:$D$500, A10, '01_MASTER_DATABASE'!$B$2:$B$500, "*Phổ thông*") + COUNTIFS('01_MASTER_DATABASE'!$D$2:$D$500, A10, '01_MASTER_DATABASE'!$B$2:$B$500, "*Vát cạnh*") + COUNTIFS('01_MASTER_DATABASE'!$D$2:$D$500, A10, '01_MASTER_DATABASE'!$B$2:$B$500, "*nhựa*") | C10: =COUNTIFS('01_MASTER_DATABASE'!$D$2:$D$500, A10, '01_MASTER_DATABASE'!$B$2:$B$500, "*Tầm trung*") + COUNTIFS('01_MASTER_DATABASE'!$D$2:$D$500, A10, '01_MASTER_DATABASE'!$B$2:$B$500, "*sản xuất*") | D10: =COUNTIFS('01_MASTER_DATABASE'!$D$2:$D$500, A10, '01_MASTER_DATABASE'!$B$2:$B$500, "*Cao cấp*") + COUNTIFS('01_MASTER_DATABASE'!$D$2:$D$500, A10, '01_MASTER_DATABASE'!$B$2:$B$500, "*Rãnh C*") | E10: =COUNTIFS('01_MASTER_DATABASE'!$D$2:$D$500, A10, '01_MASTER_DATABASE'!$B$2:$B$500, "*Luxury*") + COUNTIFS('01_MASTER_DATABASE'!$D$2:$D$500, A10, '01_MASTER_DATABASE'!$B$2:$B$500, "*Cầu cách nhiệt*")
A11: EuroVN | B11: =COUNTIFS('01_MASTER_DATABASE'!$D$2:$D$500, A11, '01_MASTER_DATABASE'!$B$2:$B$500, "*Phổ thông*") + COUNTIFS('01_MASTER_DATABASE'!$D$2:$D$500, A11, '01_MASTER_DATABASE'!$B$2:$B$500, "*Vát cạnh*") + COUNTIFS('01_MASTER_DATABASE'!$D$2:$D$500, A11, '01_MASTER_DATABASE'!$B$2:$B$500, "*nhựa*") | C11: =COUNTIFS('01_MASTER_DATABASE'!$D$2:$D$500, A11, '01_MASTER_DATABASE'!$B$2:$B$500, "*Tầm trung*") + COUNTIFS('01_MASTER_DATABASE'!$D$2:$D$500, A11, '01_MASTER_DATABASE'!$B$2:$B$500, "*sản xuất*") | D11: =COUNTIFS('01_MASTER_DATABASE'!$D$2:$D$500, A11, '01_MASTER_DATABASE'!$B$2:$B$500, "*Cao cấp*") + COUNTIFS('01_MASTER_DATABASE'!$D$2:$D$500, A11, '01_MASTER_DATABASE'!$B$2:$B$500, "*Rãnh C*") | E11: =COUNTIFS('01_MASTER_DATABASE'!$D$2:$D$500, A11, '01_MASTER_DATABASE'!$B$2:$B$500, "*Luxury*") + COUNTIFS('01_MASTER_DATABASE'!$D$2:$D$500, A11, '01_MASTER_DATABASE'!$B$2:$B$500, "*Cầu cách nhiệt*")
A12: Eurowindow | B12: =COUNTIFS('01_MASTER_DATABASE'!$D$2:$D$500, A12, '01_MASTER_DATABASE'!$B$2:$B$500, "*Phổ thông*") + COUNTIFS('01_MASTER_DATABASE'!$D$2:$D$500, A12, '01_MASTER_DATABASE'!$B$2:$B$500, "*Vát cạnh*") + COUNTIFS('01_MASTER_DATABASE'!$D$2:$D$500, A12, '01_MASTER_DATABASE'!$B$2:$B$500, "*nhựa*") | C12: =COUNTIFS('01_MASTER_DATABASE'!$D$2:$D$500, A12, '01_MASTER_DATABASE'!$B$2:$B$500, "*Tầm trung*") + COUNTIFS('01_MASTER_DATABASE'!$D$2:$D$500, A12, '01_MASTER_DATABASE'!$B$2:$B$500, "*sản xuất*") | D12: =COUNTIFS('01_MASTER_DATABASE'!$D$2:$D$500, A12, '01_MASTER_DATABASE'!$B$2:$B$500, "*Cao cấp*") + COUNTIFS('01_MASTER_DATABASE'!$D$2:$D$500, A12, '01_MASTER_DATABASE'!$B$2:$B$500, "*Rãnh C*") | E12: =COUNTIFS('01_MASTER_DATABASE'!$D$2:$D$500, A12, '01_MASTER_DATABASE'!$B$2:$B$500, "*Luxury*") + COUNTIFS('01_MASTER_DATABASE'!$D$2:$D$500, A12, '01_MASTER_DATABASE'!$B$2:$B$500, "*Cầu cách nhiệt*")
A13: Hondalex | B13: =COUNTIFS('01_MASTER_DATABASE'!$D$2:$D$500, A13, '01_MASTER_DATABASE'!$B$2:$B$500, "*Phổ thông*") + COUNTIFS('01_MASTER_DATABASE'!$D$2:$D$500, A13, '01_MASTER_DATABASE'!$B$2:$B$500, "*Vát cạnh*") + COUNTIFS('01_MASTER_DATABASE'!$D$2:$D$500, A13, '01_MASTER_DATABASE'!$B$2:$B$500, "*nhựa*") | C13: =COUNTIFS('01_MASTER_DATABASE'!$D$2:$D$500, A13, '01_MASTER_DATABASE'!$B$2:$B$500, "*Tầm trung*") + COUNTIFS('01_MASTER_DATABASE'!$D$2:$D$500, A13, '01_MASTER_DATABASE'!$B$2:$B$500, "*sản xuất*") | D13: =COUNTIFS('01_MASTER_DATABASE'!$D$2:$D$500, A13, '01_MASTER_DATABASE'!$B$2:$B$500, "*Cao cấp*") + COUNTIFS('01_MASTER_DATABASE'!$D$2:$D$500, A13, '01_MASTER_DATABASE'!$B$2:$B$500, "*Rãnh C*") | E13: =COUNTIFS('01_MASTER_DATABASE'!$D$2:$D$500, A13, '01_MASTER_DATABASE'!$B$2:$B$500, "*Luxury*") + COUNTIFS('01_MASTER_DATABASE'!$D$2:$D$500, A13, '01_MASTER_DATABASE'!$B$2:$B$500, "*Cầu cách nhiệt*")
A14: Hệ PCCC | B14: =COUNTIFS('01_MASTER_DATABASE'!$D$2:$D$500, A14, '01_MASTER_DATABASE'!$B$2:$B$500, "*Phổ thông*") + COUNTIFS('01_MASTER_DATABASE'!$D$2:$D$500, A14, '01_MASTER_DATABASE'!$B$2:$B$500, "*Vát cạnh*") + COUNTIFS('01_MASTER_DATABASE'!$D$2:$D$500, A14, '01_MASTER_DATABASE'!$B$2:$B$500, "*nhựa*") | C14: =COUNTIFS('01_MASTER_DATABASE'!$D$2:$D$500, A14, '01_MASTER_DATABASE'!$B$2:$B$500, "*Tầm trung*") + COUNTIFS('01_MASTER_DATABASE'!$D$2:$D$500, A14, '01_MASTER_DATABASE'!$B$2:$B$500, "*sản xuất*") | D14: =COUNTIFS('01_MASTER_DATABASE'!$D$2:$D$500, A14, '01_MASTER_DATABASE'!$B$2:$B$500, "*Cao cấp*") + COUNTIFS('01_MASTER_DATABASE'!$D$2:$D$500, A14, '01_MASTER_DATABASE'!$B$2:$B$500, "*Rãnh C*") | E14: =COUNTIFS('01_MASTER_DATABASE'!$D$2:$D$500, A14, '01_MASTER_DATABASE'!$B$2:$B$500, "*Luxury*") + COUNTIFS('01_MASTER_DATABASE'!$D$2:$D$500, A14, '01_MASTER_DATABASE'!$B$2:$B$500, "*Cầu cách nhiệt*")
A15: Hệ Smart | B15: =COUNTIFS('01_MASTER_DATABASE'!$D$2:$D$500, A15, '01_MASTER_DATABASE'!$B$2:$B$500, "*Phổ thông*") + COUNTIFS('01_MASTER_DATABASE'!$D$2:$D$500, A15, '01_MASTER_DATABASE'!$B$2:$B$500, "*Vát cạnh*") + COUNTIFS('01_MASTER_DATABASE'!$D$2:$D$500, A15, '01_MASTER_DATABASE'!$B$2:$B$500, "*nhựa*") | C15: =COUNTIFS('01_MASTER_DATABASE'!$D$2:$D$500, A15, '01_MASTER_DATABASE'!$B$2:$B$500, "*Tầm trung*") + COUNTIFS('01_MASTER_DATABASE'!$D$2:$D$500, A15, '01_MASTER_DATABASE'!$B$2:$B$500, "*sản xuất*") | D15: =COUNTIFS('01_MASTER_DATABASE'!$D$2:$D$500, A15, '01_MASTER_DATABASE'!$B$2:$B$500, "*Cao cấp*") + COUNTIFS('01_MASTER_DATABASE'!$D$2:$D$500, A15, '01_MASTER_DATABASE'!$B$2:$B$500, "*Rãnh C*") | E15: =COUNTIFS('01_MASTER_DATABASE'!$D$2:$D$500, A15, '01_MASTER_DATABASE'!$B$2:$B$500, "*Luxury*") + COUNTIFS('01_MASTER_DATABASE'!$D$2:$D$500, A15, '01_MASTER_DATABASE'!$B$2:$B$500, "*Cầu cách nhiệt*")
A16: Hệ chuyên dụng | B16: =COUNTIFS('01_MASTER_DATABASE'!$D$2:$D$500, A16, '01_MASTER_DATABASE'!$B$2:$B$500, "*Phổ thông*") + COUNTIFS('01_MASTER_DATABASE'!$D$2:$D$500, A16, '01_MASTER_DATABASE'!$B$2:$B$500, "*Vát cạnh*") + COUNTIFS('01_MASTER_DATABASE'!$D$2:$D$500, A16, '01_MASTER_DATABASE'!$B$2:$B$500, "*nhựa*") | C16: =COUNTIFS('01_MASTER_DATABASE'!$D$2:$D$500, A16, '01_MASTER_DATABASE'!$B$2:$B$500, "*Tầm trung*") + COUNTIFS('01_MASTER_DATABASE'!$D$2:$D$500, A16, '01_MASTER_DATABASE'!$B$2:$B$500, "*sản xuất*") | D16: =COUNTIFS('01_MASTER_DATABASE'!$D$2:$D$500, A16, '01_MASTER_DATABASE'!$B$2:$B$500, "*Cao cấp*") + COUNTIFS('01_MASTER_DATABASE'!$D$2:$D$500, A16, '01_MASTER_DATABASE'!$B$2:$B$500, "*Rãnh C*") | E16: =COUNTIFS('01_MASTER_DATABASE'!$D$2:$D$500, A16, '01_MASTER_DATABASE'!$B$2:$B$500, "*Luxury*") + COUNTIFS('01_MASTER_DATABASE'!$D$2:$D$500, A16, '01_MASTER_DATABASE'!$B$2:$B$500, "*Cầu cách nhiệt*")
... A43: Yangli | B43: =COUNTIFS('01_MASTER_DATABASE'!$D$2:$D$500, A43, '01_MASTER_DATABASE'!$B$2:$B$500, "*Phổ thông*") + COUNTIFS('01_MASTER_DATABASE'!$D$2:$D$500, A43, '01_MASTER_DATABASE'!$B$2:$B$500, "*Vát cạnh*") + COUNTIFS('01_MASTER_DATABASE'!$D$2:$D$500, A43, '01_MASTER_DATABASE'!$B$2:$B$500, "*nhựa*") | C43: =COUNTIFS('01_MASTER_DATABASE'!$D$2:$D$500, A43, '01_MASTER_DATABASE'!$B$2:$B$500, "*Tầm trung*") + COUNTIFS('01_MASTER_DATABASE'!$D$2:$D$500, A43, '01_MASTER_DATABASE'!$B$2:$B$500, "*sản xuất*") | D43: =COUNTIFS('01_MASTER_DATABASE'!$D$2:$D$500, A43, '01_MASTER_DATABASE'!$B$2:$B$500, "*Cao cấp*") + COUNTIFS('01_MASTER_DATABASE'!$D$2:$D$500, A43, '01_MASTER_DATABASE'!$B$2:$B$500, "*Rãnh C*") | E43: =COUNTIFS('01_MASTER_DATABASE'!$D$2:$D$500, A43, '01_MASTER_DATABASE'!$B$2:$B$500, "*Luxury*") + COUNTIFS('01_MASTER_DATABASE'!$D$2:$D$500, A43, '01_MASTER_DATABASE'!$B$2:$B$500, "*Cầu cách nhiệt*")

Sheet 04_SO SÁNH LOẠI CỬA
A1: PHÂN LOẠI CỬA THEO THỂ LOẠI (CỬA ĐI, SỔ, VÁCH, MÁI...)
A4: Hãng | B4: Cửa Đi | C4: Cửa Sổ | D4: Vách Ngăn | E4: Mặt Dựng Vách Kính | F4: Lan Can Kính | G4: Mái Kính Cường Lực | H4: Khác
A5: Civro | B5: =COUNTIFS('01_MASTER_DATABASE'!$D$2:$D$500, A5, '01_MASTER_DATABASE'!$G$2:$G$500, "*Cửa đi*") | C5: =COUNTIFS('01_MASTER_DATABASE'!$D$2:$D$500, A5, '01_MASTER_DATABASE'!$G$2:$G$500, "*Cửa sổ*") | D5: =COUNTIFS('01_MASTER_DATABASE'!$D$2:$D$500, A5, '01_MASTER_DATABASE'!$G$2:$G$500, "*vách ngăn*") | E5: =COUNTIFS('01_MASTER_DATABASE'!$D$2:$D$500, A5, '01_MASTER_DATABASE'!$G$2:$G$500, "*mặt dựng*") | F5: =COUNTIFS('01_MASTER_DATABASE'!$D$2:$D$500, A5, '01_MASTER_DATABASE'!$G$2:$G$500, "*lan can*") | G5: =COUNTIFS('01_MASTER_DATABASE'!$D$2:$D$500, A5, '01_MASTER_DATABASE'!$G$2:$G$500, "*mái kính*") | H5: =COUNTIF('01_MASTER_DATABASE'!$D$2:$D$500, A5) - (B5+C5+D5+E5+F5+G5)
A6: Civro/Maxpro/Soco | B6: =COUNTIFS('01_MASTER_DATABASE'!$D$2:$D$500, A6, '01_MASTER_DATABASE'!$G$2:$G$500, "*Cửa đi*") | C6: =COUNTIFS('01_MASTER_DATABASE'!$D$2:$D$500, A6, '01_MASTER_DATABASE'!$G$2:$G$500, "*Cửa sổ*") | D6: =COUNTIFS('01_MASTER_DATABASE'!$D$2:$D$500, A6, '01_MASTER_DATABASE'!$G$2:$G$500, "*vách ngăn*") | E6: =COUNTIFS('01_MASTER_DATABASE'!$D$2:$D$500, A6, '01_MASTER_DATABASE'!$G$2:$G$500, "*mặt dựng*") | F6: =COUNTIFS('01_MASTER_DATABASE'!$D$2:$D$500, A6, '01_MASTER_DATABASE'!$G$2:$G$500, "*lan can*") | G6: =COUNTIFS('01_MASTER_DATABASE'!$D$2:$D$500, A6, '01_MASTER_DATABASE'!$G$2:$G$500, "*mái kính*") | H6: =COUNTIF('01_MASTER_DATABASE'!$D$2:$D$500, A6) - (B6+C6+D6+E6+F6+G6)
A7: Civro/Owin/Local | B7: =COUNTIFS('01_MASTER_DATABASE'!$D$2:$D$500, A7, '01_MASTER_DATABASE'!$G$2:$G$500, "*Cửa đi*") | C7: =COUNTIFS('01_MASTER_DATABASE'!$D$2:$D$500, A7, '01_MASTER_DATABASE'!$G$2:$G$500, "*Cửa sổ*") | D7: =COUNTIFS('01_MASTER_DATABASE'!$D$2:$D$500, A7, '01_MASTER_DATABASE'!$G$2:$G$500, "*vách ngăn*") | E7: =COUNTIFS('01_MASTER_DATABASE'!$D$2:$D$500, A7, '01_MASTER_DATABASE'!$G$2:$G$500, "*mặt dựng*") | F7: =COUNTIFS('01_MASTER_DATABASE'!$D$2:$D$500, A7, '01_MASTER_DATABASE'!$G$2:$G$500, "*lan can*") | G7: =COUNTIFS('01_MASTER_DATABASE'!$D$2:$D$500, A7, '01_MASTER_DATABASE'!$G$2:$G$500, "*mái kính*") | H7: =COUNTIF('01_MASTER_DATABASE'!$D$2:$D$500, A7) - (B7+C7+D7+E7+F7+G7)
A8: Civro/PAG/Schüco | B8: =COUNTIFS('01_MASTER_DATABASE'!$D$2:$D$500, A8, '01_MASTER_DATABASE'!$G$2:$G$500, "*Cửa đi*") | C8: =COUNTIFS('01_MASTER_DATABASE'!$D$2:$D$500, A8, '01_MASTER_DATABASE'!$G$2:$G$500, "*Cửa sổ*") | D8: =COUNTIFS('01_MASTER_DATABASE'!$D$2:$D$500, A8, '01_MASTER_DATABASE'!$G$2:$G$500, "*vách ngăn*") | E8: =COUNTIFS('01_MASTER_DATABASE'!$D$2:$D$500, A8, '01_MASTER_DATABASE'!$G$2:$G$500, "*mặt dựng*") | F8: =COUNTIFS('01_MASTER_DATABASE'!$D$2:$D$500, A8, '01_MASTER_DATABASE'!$G$2:$G$500, "*lan can*") | G8: =COUNTIFS('01_MASTER_DATABASE'!$D$2:$D$500, A8, '01_MASTER_DATABASE'!$G$2:$G$500, "*mái kính*") | H8: =COUNTIF('01_MASTER_DATABASE'!$D$2:$D$500, A8) - (B8+C8+D8+E8+F8+G8)
A9: Các hãng | B9: =COUNTIFS('01_MASTER_DATABASE'!$D$2:$D$500, A9, '01_MASTER_DATABASE'!$G$2:$G$500, "*Cửa đi*") | C9: =COUNTIFS('01_MASTER_DATABASE'!$D$2:$D$500, A9, '01_MASTER_DATABASE'!$G$2:$G$500, "*Cửa sổ*") | D9: =COUNTIFS('01_MASTER_DATABASE'!$D$2:$D$500, A9, '01_MASTER_DATABASE'!$G$2:$G$500, "*vách ngăn*") | E9: =COUNTIFS('01_MASTER_DATABASE'!$D$2:$D$500, A9, '01_MASTER_DATABASE'!$G$2:$G$500, "*mặt dựng*") | F9: =COUNTIFS('01_MASTER_DATABASE'!$D$2:$D$500, A9, '01_MASTER_DATABASE'!$G$2:$G$500, "*lan can*") | G9: =COUNTIFS('01_MASTER_DATABASE'!$D$2:$D$500, A9, '01_MASTER_DATABASE'!$G$2:$G$500, "*mái kính*") | H9: =COUNTIF('01_MASTER_DATABASE'!$D$2:$D$500, A9) - (B9+C9+D9+E9+F9+G9)
A10: Dorma/Besam/Local | B10: =COUNTIFS('01_MASTER_DATABASE'!$D$2:$D$500, A10, '01_MASTER_DATABASE'!$G$2:$G$500, "*Cửa đi*") | C10: =COUNTIFS('01_MASTER_DATABASE'!$D$2:$D$500, A10, '01_MASTER_DATABASE'!$G$2:$G$500, "*Cửa sổ*") | D10: =COUNTIFS('01_MASTER_DATABASE'!$D$2:$D$500, A10, '01_MASTER_DATABASE'!$G$2:$G$500, "*vách ngăn*") | E10: =COUNTIFS('01_MASTER_DATABASE'!$D$2:$D$500, A10, '01_MASTER_DATABASE'!$G$2:$G$500, "*mặt dựng*") | F10: =COUNTIFS('01_MASTER_DATABASE'!$D$2:$D$500, A10, '01_MASTER_DATABASE'!$G$2:$G$500, "*lan can*") | G10: =COUNTIFS('01_MASTER_DATABASE'!$D$2:$D$500, A10, '01_MASTER_DATABASE'!$G$2:$G$500, "*mái kính*") | H10: =COUNTIF('01_MASTER_DATABASE'!$D$2:$D$500, A10) - (B10+C10+D10+E10+F10+G10)
A11: EuroVN | B11: =COUNTIFS('01_MASTER_DATABASE'!$D$2:$D$500, A11, '01_MASTER_DATABASE'!$G$2:$G$500, "*Cửa đi*") | C11: =COUNTIFS('01_MASTER_DATABASE'!$D$2:$D$500, A11, '01_MASTER_DATABASE'!$G$2:$G$500, "*Cửa sổ*") | D11: =COUNTIFS('01_MASTER_DATABASE'!$D$2:$D$500, A11, '01_MASTER_DATABASE'!$G$2:$G$500, "*vách ngăn*") | E11: =COUNTIFS('01_MASTER_DATABASE'!$D$2:$D$500, A11, '01_MASTER_DATABASE'!$G$2:$G$500, "*mặt dựng*") | F11: =COUNTIFS('01_MASTER_DATABASE'!$D$2:$D$500, A11, '01_MASTER_DATABASE'!$G$2:$G$500, "*lan can*") | G11: =COUNTIFS('01_MASTER_DATABASE'!$D$2:$D$500, A11, '01_MASTER_DATABASE'!$G$2:$G$500, "*mái kính*") | H11: =COUNTIF('01_MASTER_DATABASE'!$D$2:$D$500, A11) - (B11+C11+D11+E11+F11+G11)
A12: Eurowindow | B12: =COUNTIFS('01_MASTER_DATABASE'!$D$2:$D$500, A12, '01_MASTER_DATABASE'!$G$2:$G$500, "*Cửa đi*") | C12: =COUNTIFS('01_MASTER_DATABASE'!$D$2:$D$500, A12, '01_MASTER_DATABASE'!$G$2:$G$500, "*Cửa sổ*") | D12: =COUNTIFS('01_MASTER_DATABASE'!$D$2:$D$500, A12, '01_MASTER_DATABASE'!$G$2:$G$500, "*vách ngăn*") | E12: =COUNTIFS('01_MASTER_DATABASE'!$D$2:$D$500, A12, '01_MASTER_DATABASE'!$G$2:$G$500, "*mặt dựng*") | F12: =COUNTIFS('01_MASTER_DATABASE'!$D$2:$D$500, A12, '01_MASTER_DATABASE'!$G$2:$G$500, "*lan can*") | G12: =COUNTIFS('01_MASTER_DATABASE'!$D$2:$D$500, A12, '01_MASTER_DATABASE'!$G$2:$G$500, "*mái kính*") | H12: =COUNTIF('01_MASTER_DATABASE'!$D$2:$D$500, A12) - (B12+C12+D12+E12+F12+G12)
A13: Hondalex | B13: =COUNTIFS('01_MASTER_DATABASE'!$D$2:$D$500, A13, '01_MASTER_DATABASE'!$G$2:$G$500, "*Cửa đi*") | C13: =COUNTIFS('01_MASTER_DATABASE'!$D$2:$D$500, A13, '01_MASTER_DATABASE'!$G$2:$G$500, "*Cửa sổ*") | D13: =COUNTIFS('01_MASTER_DATABASE'!$D$2:$D$500, A13, '01_MASTER_DATABASE'!$G$2:$G$500, "*vách ngăn*") | E13: =COUNTIFS('01_MASTER_DATABASE'!$D$2:$D$500, A13, '01_MASTER_DATABASE'!$G$2:$G$500, "*mặt dựng*") | F13: =COUNTIFS('01_MASTER_DATABASE'!$D$2:$D$500, A13, '01_MASTER_DATABASE'!$G$2:$G$500, "*lan can*") | G13: =COUNTIFS('01_MASTER_DATABASE'!$D$2:$D$500, A13, '01_MASTER_DATABASE'!$G$2:$G$500, "*mái kính*") | H13: =COUNTIF('01_MASTER_DATABASE'!$D$2:$D$500, A13) - (B13+C13+D13+E13+F13+G13)
A14: Hệ PCCC | B14: =COUNTIFS('01_MASTER_DATABASE'!$D$2:$D$500, A14, '01_MASTER_DATABASE'!$G$2:$G$500, "*Cửa đi*") | C14: =COUNTIFS('01_MASTER_DATABASE'!$D$2:$D$500, A14, '01_MASTER_DATABASE'!$G$2:$G$500, "*Cửa sổ*") | D14: =COUNTIFS('01_MASTER_DATABASE'!$D$2:$D$500, A14, '01_MASTER_DATABASE'!$G$2:$G$500, "*vách ngăn*") | E14: =COUNTIFS('01_MASTER_DATABASE'!$D$2:$D$500, A14, '01_MASTER_DATABASE'!$G$2:$G$500, "*mặt dựng*") | F14: =COUNTIFS('01_MASTER_DATABASE'!$D$2:$D$500, A14, '01_MASTER_DATABASE'!$G$2:$G$500, "*lan can*") | G14: =COUNTIFS('01_MASTER_DATABASE'!$D$2:$D$500, A14, '01_MASTER_DATABASE'!$G$2:$G$500, "*mái kính*") | H14: =COUNTIF('01_MASTER_DATABASE'!$D$2:$D$500, A14) - (B14+C14+D14+E14+F14+G14)
A15: Hệ Smart | B15: =COUNTIFS('01_MASTER_DATABASE'!$D$2:$D$500, A15, '01_MASTER_DATABASE'!$G$2:$G$500, "*Cửa đi*") | C15: =COUNTIFS('01_MASTER_DATABASE'!$D$2:$D$500, A15, '01_MASTER_DATABASE'!$G$2:$G$500, "*Cửa sổ*") | D15: =COUNTIFS('01_MASTER_DATABASE'!$D$2:$D$500, A15, '01_MASTER_DATABASE'!$G$2:$G$500, "*vách ngăn*") | E15: =COUNTIFS('01_MASTER_DATABASE'!$D$2:$D$500, A15, '01_MASTER_DATABASE'!$G$2:$G$500, "*mặt dựng*") | F15: =COUNTIFS('01_MASTER_DATABASE'!$D$2:$D$500, A15, '01_MASTER_DATABASE'!$G$2:$G$500, "*lan can*") | G15: =COUNTIFS('01_MASTER_DATABASE'!$D$2:$D$500, A15, '01_MASTER_DATABASE'!$G$2:$G$500, "*mái kính*") | H15: =COUNTIF('01_MASTER_DATABASE'!$D$2:$D$500, A15) - (B15+C15+D15+E15+F15+G15)
A16: Hệ chuyên dụng | B16: =COUNTIFS('01_MASTER_DATABASE'!$D$2:$D$500, A16, '01_MASTER_DATABASE'!$G$2:$G$500, "*Cửa đi*") | C16: =COUNTIFS('01_MASTER_DATABASE'!$D$2:$D$500, A16, '01_MASTER_DATABASE'!$G$2:$G$500, "*Cửa sổ*") | D16: =COUNTIFS('01_MASTER_DATABASE'!$D$2:$D$500, A16, '01_MASTER_DATABASE'!$G$2:$G$500, "*vách ngăn*") | E16: =COUNTIFS('01_MASTER_DATABASE'!$D$2:$D$500, A16, '01_MASTER_DATABASE'!$G$2:$G$500, "*mặt dựng*") | F16: =COUNTIFS('01_MASTER_DATABASE'!$D$2:$D$500, A16, '01_MASTER_DATABASE'!$G$2:$G$500, "*lan can*") | G16: =COUNTIFS('01_MASTER_DATABASE'!$D$2:$D$500, A16, '01_MASTER_DATABASE'!$G$2:$G$500, "*mái kính*") | H16: =COUNTIF('01_MASTER_DATABASE'!$D$2:$D$500, A16) - (B16+C16+D16+E16+F16+G16)
... A43: Yangli | B43: =COUNTIFS('01_MASTER_DATABASE'!$D$2:$D$500, A43, '01_MASTER_DATABASE'!$G$2:$G$500, "*Cửa đi*") | C43: =COUNTIFS('01_MASTER_DATABASE'!$D$2:$D$500, A43, '01_MASTER_DATABASE'!$G$2:$G$500, "*Cửa sổ*") | D43: =COUNTIFS('01_MASTER_DATABASE'!$D$2:$D$500, A43, '01_MASTER_DATABASE'!$G$2:$G$500, "*vách ngăn*") | E43: =COUNTIFS('01_MASTER_DATABASE'!$D$2:$D$500, A43, '01_MASTER_DATABASE'!$G$2:$G$500, "*mặt dựng*") | F43: =COUNTIFS('01_MASTER_DATABASE'!$D$2:$D$500, A43, '01_MASTER_DATABASE'!$G$2:$G$500, "*lan can*") | G43: =COUNTIFS('01_MASTER_DATABASE'!$D$2:$D$500, A43, '01_MASTER_DATABASE'!$G$2:$G$500, "*mái kính*") | H43: =COUNTIF('01_MASTER_DATABASE'!$D$2:$D$500, A43) - (B43+C43+D43+E43+F43+G43)

Sheet 05_SO SÁNH KIỂU MỞ
A1: SO SÁNH CÁC PHƯƠNG ÁN KIỂU MỞ CÁNH CỬA
A4: Hãng | B4: Mở Quay (Casement) | C4: Trượt Lùa (Sliding) | D4: Mở Hất (Awning) | E4: Xếp Trượt (Folding) | F4: Trượt Quay (Slide & Turn) | G4: Pivot / Trục Xoay
A5: Civro | B5: =COUNTIFS('01_MASTER_DATABASE'!$D$2:$D$500, A5, '01_MASTER_DATABASE'!$H$2:$H$500, "*quay*") | C5: =COUNTIFS('01_MASTER_DATABASE'!$D$2:$D$500, A5, '01_MASTER_DATABASE'!$H$2:$H$500, "*lùa*") + COUNTIFS('01_MASTER_DATABASE'!$D$2:$D$500, A5, '01_MASTER_DATABASE'!$H$2:$H$500, "*trượt*") - COUNTIFS('01_MASTER_DATABASE'!$D$2:$D$500, A5, '01_MASTER_DATABASE'!$H$2:$H$500, "*xếp trượt*") - COUNTIFS('01_MASTER_DATABASE'!$D$2:$D$500, A5, '01_MASTER_DATABASE'!$H$2:$H$500, "*trượt quay*") | D5: =COUNTIFS('01_MASTER_DATABASE'!$D$2:$D$500, A5, '01_MASTER_DATABASE'!$H$2:$H$500, "*hất*") | E5: =COUNTIFS('01_MASTER_DATABASE'!$D$2:$D$500, A5, '01_MASTER_DATABASE'!$H$2:$H$500, "*xếp trượt*") | F5: =COUNTIFS('01_MASTER_DATABASE'!$D$2:$D$500, A5, '01_MASTER_DATABASE'!$H$2:$H$500, "*trượt quay*") | G5: =COUNTIFS('01_MASTER_DATABASE'!$D$2:$D$500, A5, '01_MASTER_DATABASE'!$H$2:$H$500, "*pivot*") + COUNTIFS('01_MASTER_DATABASE'!$D$2:$D$500, A5, '01_MASTER_DATABASE'!$H$2:$H$500, "*trục xoay*")
A6: Civro/Maxpro/Soco | B6: =COUNTIFS('01_MASTER_DATABASE'!$D$2:$D$500, A6, '01_MASTER_DATABASE'!$H$2:$H$500, "*quay*") | C6: =COUNTIFS('01_MASTER_DATABASE'!$D$2:$D$500, A6, '01_MASTER_DATABASE'!$H$2:$H$500, "*lùa*") + COUNTIFS('01_MASTER_DATABASE'!$D$2:$D$500, A6, '01_MASTER_DATABASE'!$H$2:$H$500, "*trượt*") - COUNTIFS('01_MASTER_DATABASE'!$D$2:$D$500, A6, '01_MASTER_DATABASE'!$H$2:$H$500, "*xếp trượt*") - COUNTIFS('01_MASTER_DATABASE'!$D$2:$D$500, A6, '01_MASTER_DATABASE'!$H$2:$H$500, "*trượt quay*") | D6: =COUNTIFS('01_MASTER_DATABASE'!$D$2:$D$500, A6, '01_MASTER_DATABASE'!$H$2:$H$500, "*hất*") | E6: =COUNTIFS('01_MASTER_DATABASE'!$D$2:$D$500, A6, '01_MASTER_DATABASE'!$H$2:$H$500, "*xếp trượt*") | F6: =COUNTIFS('01_MASTER_DATABASE'!$D$2:$D$500, A6, '01_MASTER_DATABASE'!$H$2:$H$500, "*trượt quay*") | G6: =COUNTIFS('01_MASTER_DATABASE'!$D$2:$D$500, A6, '01_MASTER_DATABASE'!$H$2:$H$500, "*pivot*") + COUNTIFS('01_MASTER_DATABASE'!$D$2:$D$500, A6, '01_MASTER_DATABASE'!$H$2:$H$500, "*trục xoay*")
A7: Civro/Owin/Local | B7: =COUNTIFS('01_MASTER_DATABASE'!$D$2:$D$500, A7, '01_MASTER_DATABASE'!$H$2:$H$500, "*quay*") | C7: =COUNTIFS('01_MASTER_DATABASE'!$D$2:$D$500, A7, '01_MASTER_DATABASE'!$H$2:$H$500, "*lùa*") + COUNTIFS('01_MASTER_DATABASE'!$D$2:$D$500, A7, '01_MASTER_DATABASE'!$H$2:$H$500, "*trượt*") - COUNTIFS('01_MASTER_DATABASE'!$D$2:$D$500, A7, '01_MASTER_DATABASE'!$H$2:$H$500, "*xếp trượt*") - COUNTIFS('01_MASTER_DATABASE'!$D$2:$D$500, A7, '01_MASTER_DATABASE'!$H$2:$H$500, "*trượt quay*") | D7: =COUNTIFS('01_MASTER_DATABASE'!$D$2:$D$500, A7, '01_MASTER_DATABASE'!$H$2:$H$500, "*hất*") | E7: =COUNTIFS('01_MASTER_DATABASE'!$D$2:$D$500, A7, '01_MASTER_DATABASE'!$H$2:$H$500, "*xếp trượt*") | F7: =COUNTIFS('01_MASTER_DATABASE'!$D$2:$D$500, A7, '01_MASTER_DATABASE'!$H$2:$H$500, "*trượt quay*") | G7: =COUNTIFS('01_MASTER_DATABASE'!$D$2:$D$500, A7, '01_MASTER_DATABASE'!$H$2:$H$500, "*pivot*") + COUNTIFS('01_MASTER_DATABASE'!$D$2:$D$500, A7, '01_MASTER_DATABASE'!$H$2:$H$500, "*trục xoay*")
A8: Civro/PAG/Schüco | B8: =COUNTIFS('01_MASTER_DATABASE'!$D$2:$D$500, A8, '01_MASTER_DATABASE'!$H$2:$H$500, "*quay*") | C8: =COUNTIFS('01_MASTER_DATABASE'!$D$2:$D$500, A8, '01_MASTER_DATABASE'!$H$2:$H$500, "*lùa*") + COUNTIFS('01_MASTER_DATABASE'!$D$2:$D$500, A8, '01_MASTER_DATABASE'!$H$2:$H$500, "*trượt*") - COUNTIFS('01_MASTER_DATABASE'!$D$2:$D$500, A8, '01_MASTER_DATABASE'!$H$2:$H$500, "*xếp trượt*") - COUNTIFS('01_MASTER_DATABASE'!$D$2:$D$500, A8, '01_MASTER_DATABASE'!$H$2:$H$500, "*trượt quay*") | D8: =COUNTIFS('01_MASTER_DATABASE'!$D$2:$D$500, A8, '01_MASTER_DATABASE'!$H$2:$H$500, "*hất*") | E8: =COUNTIFS('01_MASTER_DATABASE'!$D$2:$D$500, A8, '01_MASTER_DATABASE'!$H$2:$H$500, "*xếp trượt*") | F8: =COUNTIFS('01_MASTER_DATABASE'!$D$2:$D$500, A8, '01_MASTER_DATABASE'!$H$2:$H$500, "*trượt quay*") | G8: =COUNTIFS('01_MASTER_DATABASE'!$D$2:$D$500, A8, '01_MASTER_DATABASE'!$H$2:$H$500, "*pivot*") + COUNTIFS('01_MASTER_DATABASE'!$D$2:$D$500, A8, '01_MASTER_DATABASE'!$H$2:$H$500, "*trục xoay*")
A9: Các hãng | B9: =COUNTIFS('01_MASTER_DATABASE'!$D$2:$D$500, A9, '01_MASTER_DATABASE'!$H$2:$H$500, "*quay*") | C9: =COUNTIFS('01_MASTER_DATABASE'!$D$2:$D$500, A9, '01_MASTER_DATABASE'!$H$2:$H$500, "*lùa*") + COUNTIFS('01_MASTER_DATABASE'!$D$2:$D$500, A9, '01_MASTER_DATABASE'!$H$2:$H$500, "*trượt*") - COUNTIFS('01_MASTER_DATABASE'!$D$2:$D$500, A9, '01_MASTER_DATABASE'!$H$2:$H$500, "*xếp trượt*") - COUNTIFS('01_MASTER_DATABASE'!$D$2:$D$500, A9, '01_MASTER_DATABASE'!$H$2:$H$500, "*trượt quay*") | D9: =COUNTIFS('01_MASTER_DATABASE'!$D$2:$D$500, A9, '01_MASTER_DATABASE'!$H$2:$H$500, "*hất*") | E9: =COUNTIFS('01_MASTER_DATABASE'!$D$2:$D$500, A9, '01_MASTER_DATABASE'!$H$2:$H$500, "*xếp trượt*") | F9: =COUNTIFS('01_MASTER_DATABASE'!$D$2:$D$500, A9, '01_MASTER_DATABASE'!$H$2:$H$500, "*trượt quay*") | G9: =COUNTIFS('01_MASTER_DATABASE'!$D$2:$D$500, A9, '01_MASTER_DATABASE'!$H$2:$H$500, "*pivot*") + COUNTIFS('01_MASTER_DATABASE'!$D$2:$D$500, A9, '01_MASTER_DATABASE'!$H$2:$H$500, "*trục xoay*")
A10: Dorma/Besam/Local | B10: =COUNTIFS('01_MASTER_DATABASE'!$D$2:$D$500, A10, '01_MASTER_DATABASE'!$H$2:$H$500, "*quay*") | C10: =COUNTIFS('01_MASTER_DATABASE'!$D$2:$D$500, A10, '01_MASTER_DATABASE'!$H$2:$H$500, "*lùa*") + COUNTIFS('01_MASTER_DATABASE'!$D$2:$D$500, A10, '01_MASTER_DATABASE'!$H$2:$H$500, "*trượt*") - COUNTIFS('01_MASTER_DATABASE'!$D$2:$D$500, A10, '01_MASTER_DATABASE'!$H$2:$H$500, "*xếp trượt*") - COUNTIFS('01_MASTER_DATABASE'!$D$2:$D$500, A10, '01_MASTER_DATABASE'!$H$2:$H$500, "*trượt quay*") | D10: =COUNTIFS('01_MASTER_DATABASE'!$D$2:$D$500, A10, '01_MASTER_DATABASE'!$H$2:$H$500, "*hất*") | E10: =COUNTIFS('01_MASTER_DATABASE'!$D$2:$D$500, A10, '01_MASTER_DATABASE'!$H$2:$H$500, "*xếp trượt*") | F10: =COUNTIFS('01_MASTER_DATABASE'!$D$2:$D$500, A10, '01_MASTER_DATABASE'!$H$2:$H$500, "*trượt quay*") | G10: =COUNTIFS('01_MASTER_DATABASE'!$D$2:$D$500, A10, '01_MASTER_DATABASE'!$H$2:$H$500, "*pivot*") + COUNTIFS('01_MASTER_DATABASE'!$D$2:$D$500, A10, '01_MASTER_DATABASE'!$H$2:$H$500, "*trục xoay*")
A11: EuroVN | B11: =COUNTIFS('01_MASTER_DATABASE'!$D$2:$D$500, A11, '01_MASTER_DATABASE'!$H$2:$H$500, "*quay*") | C11: =COUNTIFS('01_MASTER_DATABASE'!$D$2:$D$500, A11, '01_MASTER_DATABASE'!$H$2:$H$500, "*lùa*") + COUNTIFS('01_MASTER_DATABASE'!$D$2:$D$500, A11, '01_MASTER_DATABASE'!$H$2:$H$500, "*trượt*") - COUNTIFS('01_MASTER_DATABASE'!$D$2:$D$500, A11, '01_MASTER_DATABASE'!$H$2:$H$500, "*xếp trượt*") - COUNTIFS('01_MASTER_DATABASE'!$D$2:$D$500, A11, '01_MASTER_DATABASE'!$H$2:$H$500, "*trượt quay*") | D11: =COUNTIFS('01_MASTER_DATABASE'!$D$2:$D$500, A11, '01_MASTER_DATABASE'!$H$2:$H$500, "*hất*") | E11: =COUNTIFS('01_MASTER_DATABASE'!$D$2:$D$500, A11, '01_MASTER_DATABASE'!$H$2:$H$500, "*xếp trượt*") | F11: =COUNTIFS('01_MASTER_DATABASE'!$D$2:$D$500, A11, '01_MASTER_DATABASE'!$H$2:$H$500, "*trượt quay*") | G11: =COUNTIFS('01_MASTER_DATABASE'!$D$2:$D$500, A11, '01_MASTER_DATABASE'!$H$2:$H$500, "*pivot*") + COUNTIFS('01_MASTER_DATABASE'!$D$2:$D$500, A11, '01_MASTER_DATABASE'!$H$2:$H$500, "*trục xoay*")
A12: Eurowindow | B12: =COUNTIFS('01_MASTER_DATABASE'!$D$2:$D$500, A12, '01_MASTER_DATABASE'!$H$2:$H$500, "*quay*") | C12: =COUNTIFS('01_MASTER_DATABASE'!$D$2:$D$500, A12, '01_MASTER_DATABASE'!$H$2:$H$500, "*lùa*") + COUNTIFS('01_MASTER_DATABASE'!$D$2:$D$500, A12, '01_MASTER_DATABASE'!$H$2:$H$500, "*trượt*") - COUNTIFS('01_MASTER_DATABASE'!$D$2:$D$500, A12, '01_MASTER_DATABASE'!$H$2:$H$500, "*xếp trượt*") - COUNTIFS('01_MASTER_DATABASE'!$D$2:$D$500, A12, '01_MASTER_DATABASE'!$H$2:$H$500, "*trượt quay*") | D12: =COUNTIFS('01_MASTER_DATABASE'!$D$2:$D$500, A12, '01_MASTER_DATABASE'!$H$2:$H$500, "*hất*") | E12: =COUNTIFS('01_MASTER_DATABASE'!$D$2:$D$500, A12, '01_MASTER_DATABASE'!$H$2:$H$500, "*xếp trượt*") | F12: =COUNTIFS('01_MASTER_DATABASE'!$D$2:$D$500, A12, '01_MASTER_DATABASE'!$H$2:$H$500, "*trượt quay*") | G12: =COUNTIFS('01_MASTER_DATABASE'!$D$2:$D$500, A12, '01_MASTER_DATABASE'!$H$2:$H$500, "*pivot*") + COUNTIFS('01_MASTER_DATABASE'!$D$2:$D$500, A12, '01_MASTER_DATABASE'!$H$2:$H$500, "*trục xoay*")
A13: Hondalex | B13: =COUNTIFS('01_MASTER_DATABASE'!$D$2:$D$500, A13, '01_MASTER_DATABASE'!$H$2:$H$500, "*quay*") | C13: =COUNTIFS('01_MASTER_DATABASE'!$D$2:$D$500, A13, '01_MASTER_DATABASE'!$H$2:$H$500, "*lùa*") + COUNTIFS('01_MASTER_DATABASE'!$D$2:$D$500, A13, '01_MASTER_DATABASE'!$H$2:$H$500, "*trượt*") - COUNTIFS('01_MASTER_DATABASE'!$D$2:$D$500, A13, '01_MASTER_DATABASE'!$H$2:$H$500, "*xếp trượt*") - COUNTIFS('01_MASTER_DATABASE'!$D$2:$D$500, A13, '01_MASTER_DATABASE'!$H$2:$H$500, "*trượt quay*") | D13: =COUNTIFS('01_MASTER_DATABASE'!$D$2:$D$500, A13, '01_MASTER_DATABASE'!$H$2:$H$500, "*hất*") | E13: =COUNTIFS('01_MASTER_DATABASE'!$D$2:$D$500, A13, '01_MASTER_DATABASE'!$H$2:$H$500, "*xếp trượt*") | F13: =COUNTIFS('01_MASTER_DATABASE'!$D$2:$D$500, A13, '01_MASTER_DATABASE'!$H$2:$H$500, "*trượt quay*") | G13: =COUNTIFS('01_MASTER_DATABASE'!$D$2:$D$500, A13, '01_MASTER_DATABASE'!$H$2:$H$500, "*pivot*") + COUNTIFS('01_MASTER_DATABASE'!$D$2:$D$500, A13, '01_MASTER_DATABASE'!$H$2:$H$500, "*trục xoay*")
A14: Hệ PCCC | B14: =COUNTIFS('01_MASTER_DATABASE'!$D$2:$D$500, A14, '01_MASTER_DATABASE'!$H$2:$H$500, "*quay*") | C14: =COUNTIFS('01_MASTER_DATABASE'!$D$2:$D$500, A14, '01_MASTER_DATABASE'!$H$2:$H$500, "*lùa*") + COUNTIFS('01_MASTER_DATABASE'!$D$2:$D$500, A14, '01_MASTER_DATABASE'!$H$2:$H$500, "*trượt*") - COUNTIFS('01_MASTER_DATABASE'!$D$2:$D$500, A14, '01_MASTER_DATABASE'!$H$2:$H$500, "*xếp trượt*") - COUNTIFS('01_MASTER_DATABASE'!$D$2:$D$500, A14, '01_MASTER_DATABASE'!$H$2:$H$500, "*trượt quay*") | D14: =COUNTIFS('01_MASTER_DATABASE'!$D$2:$D$500, A14, '01_MASTER_DATABASE'!$H$2:$H$500, "*hất*") | E14: =COUNTIFS('01_MASTER_DATABASE'!$D$2:$D$500, A14, '01_MASTER_DATABASE'!$H$2:$H$500, "*xếp trượt*") | F14: =COUNTIFS('01_MASTER_DATABASE'!$D$2:$D$500, A14, '01_MASTER_DATABASE'!$H$2:$H$500, "*trượt quay*") | G14: =COUNTIFS('01_MASTER_DATABASE'!$D$2:$D$500, A14, '01_MASTER_DATABASE'!$H$2:$H$500, "*pivot*") + COUNTIFS('01_MASTER_DATABASE'!$D$2:$D$500, A14, '01_MASTER_DATABASE'!$H$2:$H$500, "*trục xoay*")
A15: Hệ Smart | B15: =COUNTIFS('01_MASTER_DATABASE'!$D$2:$D$500, A15, '01_MASTER_DATABASE'!$H$2:$H$500, "*quay*") | C15: =COUNTIFS('01_MASTER_DATABASE'!$D$2:$D$500, A15, '01_MASTER_DATABASE'!$H$2:$H$500, "*lùa*") + COUNTIFS('01_MASTER_DATABASE'!$D$2:$D$500, A15, '01_MASTER_DATABASE'!$H$2:$H$500, "*trượt*") - COUNTIFS('01_MASTER_DATABASE'!$D$2:$D$500, A15, '01_MASTER_DATABASE'!$H$2:$H$500, "*xếp trượt*") - COUNTIFS('01_MASTER_DATABASE'!$D$2:$D$500, A15, '01_MASTER_DATABASE'!$H$2:$H$500, "*trượt quay*") | D15: =COUNTIFS('01_MASTER_DATABASE'!$D$2:$D$500, A15, '01_MASTER_DATABASE'!$H$2:$H$500, "*hất*") | E15: =COUNTIFS('01_MASTER_DATABASE'!$D$2:$D$500, A15, '01_MASTER_DATABASE'!$H$2:$H$500, "*xếp trượt*") | F15: =COUNTIFS('01_MASTER_DATABASE'!$D$2:$D$500, A15, '01_MASTER_DATABASE'!$H$2:$H$500, "*trượt quay*") | G15: =COUNTIFS('01_MASTER_DATABASE'!$D$2:$D$500, A15, '01_MASTER_DATABASE'!$H$2:$H$500, "*pivot*") + COUNTIFS('01_MASTER_DATABASE'!$D$2:$D$500, A15, '01_MASTER_DATABASE'!$H$2:$H$500, "*trục xoay*")
A16: Hệ chuyên dụng | B16: =COUNTIFS('01_MASTER_DATABASE'!$D$2:$D$500, A16, '01_MASTER_DATABASE'!$H$2:$H$500, "*quay*") | C16: =COUNTIFS('01_MASTER_DATABASE'!$D$2:$D$500, A16, '01_MASTER_DATABASE'!$H$2:$H$500, "*lùa*") + COUNTIFS('01_MASTER_DATABASE'!$D$2:$D$500, A16, '01_MASTER_DATABASE'!$H$2:$H$500, "*trượt*") - COUNTIFS('01_MASTER_DATABASE'!$D$2:$D$500, A16, '01_MASTER_DATABASE'!$H$2:$H$500, "*xếp trượt*") - COUNTIFS('01_MASTER_DATABASE'!$D$2:$D$500, A16, '01_MASTER_DATABASE'!$H$2:$H$500, "*trượt quay*") | D16: =COUNTIFS('01_MASTER_DATABASE'!$D$2:$D$500, A16, '01_MASTER_DATABASE'!$H$2:$H$500, "*hất*") | E16: =COUNTIFS('01_MASTER_DATABASE'!$D$2:$D$500, A16, '01_MASTER_DATABASE'!$H$2:$H$500, "*xếp trượt*") | F16: =COUNTIFS('01_MASTER_DATABASE'!$D$2:$D$500, A16, '01_MASTER_DATABASE'!$H$2:$H$500, "*trượt quay*") | G16: =COUNTIFS('01_MASTER_DATABASE'!$D$2:$D$500, A16, '01_MASTER_DATABASE'!$H$2:$H$500, "*pivot*") + COUNTIFS('01_MASTER_DATABASE'!$D$2:$D$500, A16, '01_MASTER_DATABASE'!$H$2:$H$500, "*trục xoay*")
... A43: Yangli | B43: =COUNTIFS('01_MASTER_DATABASE'!$D$2:$D$500, A43, '01_MASTER_DATABASE'!$H$2:$H$500, "*quay*") | C43: =COUNTIFS('01_MASTER_DATABASE'!$D$2:$D$500, A43, '01_MASTER_DATABASE'!$H$2:$H$500, "*lùa*") + COUNTIFS('01_MASTER_DATABASE'!$D$2:$D$500, A43, '01_MASTER_DATABASE'!$H$2:$H$500, "*trượt*") - COUNTIFS('01_MASTER_DATABASE'!$D$2:$D$500, A43, '01_MASTER_DATABASE'!$H$2:$H$500, "*xếp trượt*") - COUNTIFS('01_MASTER_DATABASE'!$D$2:$D$500, A43, '01_MASTER_DATABASE'!$H$2:$H$500, "*trượt quay*") | D43: =COUNTIFS('01_MASTER_DATABASE'!$D$2:$D$500, A43, '01_MASTER_DATABASE'!$H$2:$H$500, "*hất*") | E43: =COUNTIFS('01_MASTER_DATABASE'!$D$2:$D$500, A43, '01_MASTER_DATABASE'!$H$2:$H$500, "*xếp trượt*") | F43: =COUNTIFS('01_MASTER_DATABASE'!$D$2:$D$500, A43, '01_MASTER_DATABASE'!$H$2:$H$500, "*trượt quay*") | G43: =COUNTIFS('01_MASTER_DATABASE'!$D$2:$D$500, A43, '01_MASTER_DATABASE'!$H$2:$H$500, "*pivot*") + COUNTIFS('01_MASTER_DATABASE'!$D$2:$D$500, A43, '01_MASTER_DATABASE'!$H$2:$H$500, "*trục xoay*")

Sheet 06_SO SÁNH ĐỘ DÀY NHÔM
A1: DANH SÁCH HỆ CỬA SẮP XẾP THEO ĐỘ DÀY PROFILE (TỪ DÀY ĐẾN MỎNG)
A4: ID | B4: Hãng | C4: Mã Hệ | D4: Tên Hệ | E4: Loại Cửa | F4: Độ Dày (mm)
A5: ='01_MASTER_DATABASE'!A153 | B5: ='01_MASTER_DATABASE'!D153 | C5: ='01_MASTER_DATABASE'!C153 | D5: ='01_MASTER_DATABASE'!I153 | E5: ='01_MASTER_DATABASE'!G153 | F5: ='01_MASTER_DATABASE'!L153
A6: ='01_MASTER_DATABASE'!A160 | B6: ='01_MASTER_DATABASE'!D160 | C6: ='01_MASTER_DATABASE'!C160 | D6: ='01_MASTER_DATABASE'!I160 | E6: ='01_MASTER_DATABASE'!G160 | F6: ='01_MASTER_DATABASE'!L160
A7: ='01_MASTER_DATABASE'!A168 | B7: ='01_MASTER_DATABASE'!D168 | C7: ='01_MASTER_DATABASE'!C168 | D7: ='01_MASTER_DATABASE'!I168 | E7: ='01_MASTER_DATABASE'!G168 | F7: ='01_MASTER_DATABASE'!L168
A8: ='01_MASTER_DATABASE'!A12 | B8: ='01_MASTER_DATABASE'!D12 | C8: ='01_MASTER_DATABASE'!C12 | D8: ='01_MASTER_DATABASE'!I12 | E8: ='01_MASTER_DATABASE'!G12 | F8: ='01_MASTER_DATABASE'!L12
A9: ='01_MASTER_DATABASE'!A60 | B9: ='01_MASTER_DATABASE'!D60 | C9: ='01_MASTER_DATABASE'!C60 | D9: ='01_MASTER_DATABASE'!I60 | E9: ='01_MASTER_DATABASE'!G60 | F9: ='01_MASTER_DATABASE'!L60
A10: ='01_MASTER_DATABASE'!A67 | B10: ='01_MASTER_DATABASE'!D67 | C10: ='01_MASTER_DATABASE'!C67 | D10: ='01_MASTER_DATABASE'!I67 | E10: ='01_MASTER_DATABASE'!G67 | F10: ='01_MASTER_DATABASE'!L67
A11: ='01_MASTER_DATABASE'!A70 | B11: ='01_MASTER_DATABASE'!D70 | C11: ='01_MASTER_DATABASE'!C70 | D11: ='01_MASTER_DATABASE'!I70 | E11: ='01_MASTER_DATABASE'!G70 | F11: ='01_MASTER_DATABASE'!L70
A12: ='01_MASTER_DATABASE'!A82 | B12: ='01_MASTER_DATABASE'!D82 | C12: ='01_MASTER_DATABASE'!C82 | D12: ='01_MASTER_DATABASE'!I82 | E12: ='01_MASTER_DATABASE'!G82 | F12: ='01_MASTER_DATABASE'!L82
A13: ='01_MASTER_DATABASE'!A108 | B13: ='01_MASTER_DATABASE'!D108 | C13: ='01_MASTER_DATABASE'!C108 | D13: ='01_MASTER_DATABASE'!I108 | E13: ='01_MASTER_DATABASE'!G108 | F13: ='01_MASTER_DATABASE'!L108
A14: ='01_MASTER_DATABASE'!A109 | B14: ='01_MASTER_DATABASE'!D109 | C14: ='01_MASTER_DATABASE'!C109 | D14: ='01_MASTER_DATABASE'!I109 | E14: ='01_MASTER_DATABASE'!G109 | F14: ='01_MASTER_DATABASE'!L109
A15: ='01_MASTER_DATABASE'!A112 | B15: ='01_MASTER_DATABASE'!D112 | C15: ='01_MASTER_DATABASE'!C112 | D15: ='01_MASTER_DATABASE'!I112 | E15: ='01_MASTER_DATABASE'!G112 | F15: ='01_MASTER_DATABASE'!L112
A16: ='01_MASTER_DATABASE'!A118 | B16: ='01_MASTER_DATABASE'!D118 | C16: ='01_MASTER_DATABASE'!C118 | D16: ='01_MASTER_DATABASE'!I118 | E16: ='01_MASTER_DATABASE'!G118 | F16: ='01_MASTER_DATABASE'!L118
A17: ='01_MASTER_DATABASE'!A161 | B17: ='01_MASTER_DATABASE'!D161 | C17: ='01_MASTER_DATABASE'!C161 | D17: ='01_MASTER_DATABASE'!I161 | E17: ='01_MASTER_DATABASE'!G161 | F17: ='01_MASTER_DATABASE'!L161
A18: ='01_MASTER_DATABASE'!A164 | B18: ='01_MASTER_DATABASE'!D164 | C18: ='01_MASTER_DATABASE'!C164 | D18: ='01_MASTER_DATABASE'!I164 | E18: ='01_MASTER_DATABASE'!G164 | F18: ='01_MASTER_DATABASE'!L164
A19: ='01_MASTER_DATABASE'!A133 | B19: ='01_MASTER_DATABASE'!D133 | C19: ='01_MASTER_DATABASE'!C133 | D19: ='01_MASTER_DATABASE'!I133 | E19: ='01_MASTER_DATABASE'!G133 | F19: ='01_MASTER_DATABASE'!L133
A20: ='01_MASTER_DATABASE'!A142 | B20: ='01_MASTER_DATABASE'!D142 | C20: ='01_MASTER_DATABASE'!C142 | D20: ='01_MASTER_DATABASE'!I142 | E20: ='01_MASTER_DATABASE'!G142 | F20: ='01_MASTER_DATABASE'!L142
A21: ='01_MASTER_DATABASE'!A145 | B21: ='01_MASTER_DATABASE'!D145 | C21: ='01_MASTER_DATABASE'!C145 | D21: ='01_MASTER_DATABASE'!I145 | E21: ='01_MASTER_DATABASE'!G145 | F21: ='01_MASTER_DATABASE'!L145
A22: ='01_MASTER_DATABASE'!A11 | B22: ='01_MASTER_DATABASE'!D11 | C22: ='01_MASTER_DATABASE'!C11 | D22: ='01_MASTER_DATABASE'!I11 | E22: ='01_MASTER_DATABASE'!G11 | F22: ='01_MASTER_DATABASE'!L11
A23: ='01_MASTER_DATABASE'!A16 | B23: ='01_MASTER_DATABASE'!D16 | C23: ='01_MASTER_DATABASE'!C16 | D23: ='01_MASTER_DATABASE'!I16 | E23: ='01_MASTER_DATABASE'!G16 | F23: ='01_MASTER_DATABASE'!L16
A24: ='01_MASTER_DATABASE'!A19 | B24: ='01_MASTER_DATABASE'!D19 | C24: ='01_MASTER_DATABASE'!C19 | D24: ='01_MASTER_DATABASE'!I19 | E24: ='01_MASTER_DATABASE'!G19 | F24: ='01_MASTER_DATABASE'!L19
A25: ='01_MASTER_DATABASE'!A20 | B25: ='01_MASTER_DATABASE'!D20 | C25: ='01_MASTER_DATABASE'!C20 | D25: ='01_MASTER_DATABASE'!I20 | E25: ='01_MASTER_DATABASE'!G20 | F25: ='01_MASTER_DATABASE'!L20
A26: ='01_MASTER_DATABASE'!A25 | B26: ='01_MASTER_DATABASE'!D25 | C26: ='01_MASTER_DATABASE'!C25 | D26: ='01_MASTER_DATABASE'!I25 | E26: ='01_MASTER_DATABASE'!G25 | F26: ='01_MASTER_DATABASE'!L25
A27: ='01_MASTER_DATABASE'!A27 | B27: ='01_MASTER_DATABASE'!D27 | C27: ='01_MASTER_DATABASE'!C27 | D27: ='01_MASTER_DATABASE'!I27 | E27: ='01_MASTER_DATABASE'!G27 | F27: ='01_MASTER_DATABASE'!L27
A28: ='01_MASTER_DATABASE'!A34 | B28: ='01_MASTER_DATABASE'!D34 | C28: ='01_MASTER_DATABASE'!C34 | D28: ='01_MASTER_DATABASE'!I34 | E28: ='01_MASTER_DATABASE'!G34 | F28: ='01_MASTER_DATABASE'!L34
A29: ='01_MASTER_DATABASE'!A35 | B29: ='01_MASTER_DATABASE'!D35 | C29: ='01_MASTER_DATABASE'!C35 | D29: ='01_MASTER_DATABASE'!I35 | E29: ='01_MASTER_DATABASE'!G35 | F29: ='01_MASTER_DATABASE'!L35
A30: ='01_MASTER_DATABASE'!A36 | B30: ='01_MASTER_DATABASE'!D36 | C30: ='01_MASTER_DATABASE'!C36 | D30: ='01_MASTER_DATABASE'!I36 | E30: ='01_MASTER_DATABASE'!G36 | F30: ='01_MASTER_DATABASE'!L36
A31: ='01_MASTER_DATABASE'!A37 | B31: ='01_MASTER_DATABASE'!D37 | C31: ='01_MASTER_DATABASE'!C37 | D31: ='01_MASTER_DATABASE'!I37 | E31: ='01_MASTER_DATABASE'!G37 | F31: ='01_MASTER_DATABASE'!L37
A32: ='01_MASTER_DATABASE'!A41 | B32: ='01_MASTER_DATABASE'!D41 | C32: ='01_MASTER_DATABASE'!C41 | D32: ='01_MASTER_DATABASE'!I41 | E32: ='01_MASTER_DATABASE'!G41 | F32: ='01_MASTER_DATABASE'!L41
A33: ='01_MASTER_DATABASE'!A44 | B33: ='01_MASTER_DATABASE'!D44 | C33: ='01_MASTER_DATABASE'!C44 | D33: ='01_MASTER_DATABASE'!I44 | E33: ='01_MASTER_DATABASE'!G44 | F33: ='01_MASTER_DATABASE'!L44
A34: ='01_MASTER_DATABASE'!A45 | B34: ='01_MASTER_DATABASE'!D45 | C34: ='01_MASTER_DATABASE'!C45 | D34: ='01_MASTER_DATABASE'!I45 | E34: ='01_MASTER_DATABASE'!G45 | F34: ='01_MASTER_DATABASE'!L45
A35: ='01_MASTER_DATABASE'!A46 | B35: ='01_MASTER_DATABASE'!D46 | C35: ='01_MASTER_DATABASE'!C46 | D35: ='01_MASTER_DATABASE'!I46 | E35: ='01_MASTER_DATABASE'!G46 | F35: ='01_MASTER_DATABASE'!L46
A36: ='01_MASTER_DATABASE'!A47 | B36: ='01_MASTER_DATABASE'!D47 | C36: ='01_MASTER_DATABASE'!C47 | D36: ='01_MASTER_DATABASE'!I47 | E36: ='01_MASTER_DATABASE'!G47 | F36: ='01_MASTER_DATABASE'!L47
A37: ='01_MASTER_DATABASE'!A48 | B37: ='01_MASTER_DATABASE'!D48 | C37: ='01_MASTER_DATABASE'!C48 | D37: ='01_MASTER_DATABASE'!I48 | E37: ='01_MASTER_DATABASE'!G48 | F37: ='01_MASTER_DATABASE'!L48
A38: ='01_MASTER_DATABASE'!A49 | B38: ='01_MASTER_DATABASE'!D49 | C38: ='01_MASTER_DATABASE'!C49 | D38: ='01_MASTER_DATABASE'!I49 | E38: ='01_MASTER_DATABASE'!G49 | F38: ='01_MASTER_DATABASE'!L49
A39: ='01_MASTER_DATABASE'!A51 | B39: ='01_MASTER_DATABASE'!D51 | C39: ='01_MASTER_DATABASE'!C51 | D39: ='01_MASTER_DATABASE'!I51 | E39: ='01_MASTER_DATABASE'!G51 | F39: ='01_MASTER_DATABASE'!L51
A40: ='01_MASTER_DATABASE'!A55 | B40: ='01_MASTER_DATABASE'!D55 | C40: ='01_MASTER_DATABASE'!C55 | D40: ='01_MASTER_DATABASE'!I55 | E40: ='01_MASTER_DATABASE'!G55 | F40: ='01_MASTER_DATABASE'!L55
A41: ='01_MASTER_DATABASE'!A57 | B41: ='01_MASTER_DATABASE'!D57 | C41: ='01_MASTER_DATABASE'!C57 | D41: ='01_MASTER_DATABASE'!I57 | E41: ='01_MASTER_DATABASE'!G57 | F41: ='01_MASTER_DATABASE'!L57
A42: ='01_MASTER_DATABASE'!A66 | B42: ='01_MASTER_DATABASE'!D66 | C42: ='01_MASTER_DATABASE'!C66 | D42: ='01_MASTER_DATABASE'!I66 | E42: ='01_MASTER_DATABASE'!G66 | F42: ='01_MASTER_DATABASE'!L66
A43: ='01_MASTER_DATABASE'!A75 | B43: ='01_MASTER_DATABASE'!D75 | C43: ='01_MASTER_DATABASE'!C75 | D43: ='01_MASTER_DATABASE'!I75 | E43: ='01_MASTER_DATABASE'!G75 | F43: ='01_MASTER_DATABASE'!L75
A44: ='01_MASTER_DATABASE'!A76 | B44: ='01_MASTER_DATABASE'!D76 | C44: ='01_MASTER_DATABASE'!C76 | D44: ='01_MASTER_DATABASE'!I76 | E44: ='01_MASTER_DATABASE'!G76 | F44: ='01_MASTER_DATABASE'!L76
A45: ='01_MASTER_DATABASE'!A77 | B45: ='01_MASTER_DATABASE'!D77 | C45: ='01_MASTER_DATABASE'!C77 | D45: ='01_MASTER_DATABASE'!I77 | E45: ='01_MASTER_DATABASE'!G77 | F45: ='01_MASTER_DATABASE'!L77
A46: ='01_MASTER_DATABASE'!A80 | B46: ='01_MASTER_DATABASE'!D80 | C46: ='01_MASTER_DATABASE'!C80 | D46: ='01_MASTER_DATABASE'!I80 | E46: ='01_MASTER_DATABASE'!G80 | F46: ='01_MASTER_DATABASE'!L80
A47: ='01_MASTER_DATABASE'!A81 | B47: ='01_MASTER_DATABASE'!D81 | C47: ='01_MASTER_DATABASE'!C81 | D47: ='01_MASTER_DATABASE'!I81 | E47: ='01_MASTER_DATABASE'!G81 | F47: ='01_MASTER_DATABASE'!L81
A48: ='01_MASTER_DATABASE'!A83 | B48: ='01_MASTER_DATABASE'!D83 | C48: ='01_MASTER_DATABASE'!C83 | D48: ='01_MASTER_DATABASE'!I83 | E48: ='01_MASTER_DATABASE'!G83 | F48: ='01_MASTER_DATABASE'!L83
A49: ='01_MASTER_DATABASE'!A105 | B49: ='01_MASTER_DATABASE'!D105 | C49: ='01_MASTER_DATABASE'!C105 | D49: ='01_MASTER_DATABASE'!I105 | E49: ='01_MASTER_DATABASE'!G105 | F49: ='01_MASTER_DATABASE'!L105
A50: ='01_MASTER_DATABASE'!A106 | B50: ='01_MASTER_DATABASE'!D106 | C50: ='01_MASTER_DATABASE'!C106 | D50: ='01_MASTER_DATABASE'!I106 | E50: ='01_MASTER_DATABASE'!G106 | F50: ='01_MASTER_DATABASE'!L106
A51: ='01_MASTER_DATABASE'!A107 | B51: ='01_MASTER_DATABASE'!D107 | C51: ='01_MASTER_DATABASE'!C107 | D51: ='01_MASTER_DATABASE'!I107 | E51: ='01_MASTER_DATABASE'!G107 | F51: ='01_MASTER_DATABASE'!L107
A52: ='01_MASTER_DATABASE'!A111 | B52: ='01_MASTER_DATABASE'!D111 | C52: ='01_MASTER_DATABASE'!C111 | D52: ='01_MASTER_DATABASE'!I111 | E52: ='01_MASTER_DATABASE'!G111 | F52: ='01_MASTER_DATABASE'!L111
A53: ='01_MASTER_DATABASE'!A113 | B53: ='01_MASTER_DATABASE'!D113 | C53: ='01_MASTER_DATABASE'!C113 | D53: ='01_MASTER_DATABASE'!I113 | E53: ='01_MASTER_DATABASE'!G113 | F53: ='01_MASTER_DATABASE'!L113
A54: ='01_MASTER_DATABASE'!A115 | B54: ='01_MASTER_DATABASE'!D115 | C54: ='01_MASTER_DATABASE'!C115 | D54: ='01_MASTER_DATABASE'!I115 | E54: ='01_MASTER_DATABASE'!G115 | F54: ='01_MASTER_DATABASE'!L115
A55: ='01_MASTER_DATABASE'!A119 | B55: ='01_MASTER_DATABASE'!D119 | C55: ='01_MASTER_DATABASE'!C119 | D55: ='01_MASTER_DATABASE'!I119 | E55: ='01_MASTER_DATABASE'!G119 | F55: ='01_MASTER_DATABASE'!L119
A56: ='01_MASTER_DATABASE'!A123 | B56: ='01_MASTER_DATABASE'!D123 | C56: ='01_MASTER_DATABASE'!C123 | D56: ='01_MASTER_DATABASE'!I123 | E56: ='01_MASTER_DATABASE'!G123 | F56: ='01_MASTER_DATABASE'!L123
A57: ='01_MASTER_DATABASE'!A127 | B57: ='01_MASTER_DATABASE'!D127 | C57: ='01_MASTER_DATABASE'!C127 | D57: ='01_MASTER_DATABASE'!I127 | E57: ='01_MASTER_DATABASE'!G127 | F57: ='01_MASTER_DATABASE'!L127
A58: ='01_MASTER_DATABASE'!A129 | B58: ='01_MASTER_DATABASE'!D129 | C58: ='01_MASTER_DATABASE'!C129 | D58: ='01_MASTER_DATABASE'!I129 | E58: ='01_MASTER_DATABASE'!G129 | F58: ='01_MASTER_DATABASE'!L129
A59: ='01_MASTER_DATABASE'!A132 | B59: ='01_MASTER_DATABASE'!D132 | C59: ='01_MASTER_DATABASE'!C132 | D59: ='01_MASTER_DATABASE'!I132 | E59: ='01_MASTER_DATABASE'!G132 | F59: ='01_MASTER_DATABASE'!L132
A60: ='01_MASTER_DATABASE'!A146 | B60: ='01_MASTER_DATABASE'!D146 | C60: ='01_MASTER_DATABASE'!C146 | D60: ='01_MASTER_DATABASE'!I146 | E60: ='01_MASTER_DATABASE'!G146 | F60: ='01_MASTER_DATABASE'!L146
A61: ='01_MASTER_DATABASE'!A155 | B61: ='01_MASTER_DATABASE'!D155 | C61: ='01_MASTER_DATABASE'!C155 | D61: ='01_MASTER_DATABASE'!I155 | E61: ='01_MASTER_DATABASE'!G155 | F61: ='01_MASTER_DATABASE'!L155
A62: ='01_MASTER_DATABASE'!A158 | B62: ='01_MASTER_DATABASE'!D158 | C62: ='01_MASTER_DATABASE'!C158 | D62: ='01_MASTER_DATABASE'!I158 | E62: ='01_MASTER_DATABASE'!G158 | F62: ='01_MASTER_DATABASE'!L158
A63: ='01_MASTER_DATABASE'!A159 | B63: ='01_MASTER_DATABASE'!D159 | C63: ='01_MASTER_DATABASE'!C159 | D63: ='01_MASTER_DATABASE'!I159 | E63: ='01_MASTER_DATABASE'!G159 | F63: ='01_MASTER_DATABASE'!L159
A64: ='01_MASTER_DATABASE'!A166 | B64: ='01_MASTER_DATABASE'!D166 | C64: ='01_MASTER_DATABASE'!C166 | D64: ='01_MASTER_DATABASE'!I166 | E64: ='01_MASTER_DATABASE'!G166 | F64: ='01_MASTER_DATABASE'!L166
A65: ='01_MASTER_DATABASE'!A169 | B65: ='01_MASTER_DATABASE'!D169 | C65: ='01_MASTER_DATABASE'!C169 | D65: ='01_MASTER_DATABASE'!I169 | E65: ='01_MASTER_DATABASE'!G169 | F65: ='01_MASTER_DATABASE'!L169
A66: ='01_MASTER_DATABASE'!A15 | B66: ='01_MASTER_DATABASE'!D15 | C66: ='01_MASTER_DATABASE'!C15 | D66: ='01_MASTER_DATABASE'!I15 | E66: ='01_MASTER_DATABASE'!G15 | F66: ='01_MASTER_DATABASE'!L15
A67: ='01_MASTER_DATABASE'!A32 | B67: ='01_MASTER_DATABASE'!D32 | C67: ='01_MASTER_DATABASE'!C32 | D67: ='01_MASTER_DATABASE'!I32 | E67: ='01_MASTER_DATABASE'!G32 | F67: ='01_MASTER_DATABASE'!L32
A68: ='01_MASTER_DATABASE'!A33 | B68: ='01_MASTER_DATABASE'!D33 | C68: ='01_MASTER_DATABASE'!C33 | D68: ='01_MASTER_DATABASE'!I33 | E68: ='01_MASTER_DATABASE'!G33 | F68: ='01_MASTER_DATABASE'!L33
A69: ='01_MASTER_DATABASE'!A38 | B69: ='01_MASTER_DATABASE'!D38 | C69: ='01_MASTER_DATABASE'!C38 | D69: ='01_MASTER_DATABASE'!I38 | E69: ='01_MASTER_DATABASE'!G38 | F69: ='01_MASTER_DATABASE'!L38
A70: ='01_MASTER_DATABASE'!A40 | B70: ='01_MASTER_DATABASE'!D40 | C70: ='01_MASTER_DATABASE'!C40 | D70: ='01_MASTER_DATABASE'!I40 | E70: ='01_MASTER_DATABASE'!G40 | F70: ='01_MASTER_DATABASE'!L40
A71: ='01_MASTER_DATABASE'!A43 | B71: ='01_MASTER_DATABASE'!D43 | C71: ='01_MASTER_DATABASE'!C43 | D71: ='01_MASTER_DATABASE'!I43 | E71: ='01_MASTER_DATABASE'!G43 | F71: ='01_MASTER_DATABASE'!L43
A72: ='01_MASTER_DATABASE'!A50 | B72: ='01_MASTER_DATABASE'!D50 | C72: ='01_MASTER_DATABASE'!C50 | D72: ='01_MASTER_DATABASE'!I50 | E72: ='01_MASTER_DATABASE'!G50 | F72: ='01_MASTER_DATABASE'!L50
A73: ='01_MASTER_DATABASE'!A56 | B73: ='01_MASTER_DATABASE'!D56 | C73: ='01_MASTER_DATABASE'!C56 | D73: ='01_MASTER_DATABASE'!I56 | E73: ='01_MASTER_DATABASE'!G56 | F73: ='01_MASTER_DATABASE'!L56
A74: ='01_MASTER_DATABASE'!A61 | B74: ='01_MASTER_DATABASE'!D61 | C74: ='01_MASTER_DATABASE'!C61 | D74: ='01_MASTER_DATABASE'!I61 | E74: ='01_MASTER_DATABASE'!G61 | F74: ='01_MASTER_DATABASE'!L61
A75: ='01_MASTER_DATABASE'!A65 | B75: ='01_MASTER_DATABASE'!D65 | C75: ='01_MASTER_DATABASE'!C65 | D75: ='01_MASTER_DATABASE'!I65 | E75: ='01_MASTER_DATABASE'!G65 | F75: ='01_MASTER_DATABASE'!L65
A76: ='01_MASTER_DATABASE'!A73 | B76: ='01_MASTER_DATABASE'!D73 | C76: ='01_MASTER_DATABASE'!C73 | D76: ='01_MASTER_DATABASE'!I73 | E76: ='01_MASTER_DATABASE'!G73 | F76: ='01_MASTER_DATABASE'!L73
A77: ='01_MASTER_DATABASE'!A74 | B77: ='01_MASTER_DATABASE'!D74 | C77: ='01_MASTER_DATABASE'!C74 | D77: ='01_MASTER_DATABASE'!I74 | E77: ='01_MASTER_DATABASE'!G74 | F77: ='01_MASTER_DATABASE'!L74
A78: ='01_MASTER_DATABASE'!A93 | B78: ='01_MASTER_DATABASE'!D93 | C78: ='01_MASTER_DATABASE'!C93 | D78: ='01_MASTER_DATABASE'!I93 | E78: ='01_MASTER_DATABASE'!G93 | F78: ='01_MASTER_DATABASE'!L93
A79: ='01_MASTER_DATABASE'!A104 | B79: ='01_MASTER_DATABASE'!D104 | C79: ='01_MASTER_DATABASE'!C104 | D79: ='01_MASTER_DATABASE'!I104 | E79: ='01_MASTER_DATABASE'!G104 | F79: ='01_MASTER_DATABASE'!L104
A80: ='01_MASTER_DATABASE'!A110 | B80: ='01_MASTER_DATABASE'!D110 | C80: ='01_MASTER_DATABASE'!C110 | D80: ='01_MASTER_DATABASE'!I110 | E80: ='01_MASTER_DATABASE'!G110 | F80: ='01_MASTER_DATABASE'!L110
A81: ='01_MASTER_DATABASE'!A135 | B81: ='01_MASTER_DATABASE'!D135 | C81: ='01_MASTER_DATABASE'!C135 | D81: ='01_MASTER_DATABASE'!I135 | E81: ='01_MASTER_DATABASE'!G135 | F81: ='01_MASTER_DATABASE'!L135
A82: ='01_MASTER_DATABASE'!A136 | B82: ='01_MASTER_DATABASE'!D136 | C82: ='01_MASTER_DATABASE'!C136 | D82: ='01_MASTER_DATABASE'!I136 | E82: ='01_MASTER_DATABASE'!G136 | F82: ='01_MASTER_DATABASE'!L136
A83: ='01_MASTER_DATABASE'!A156 | B83: ='01_MASTER_DATABASE'!D156 | C83: ='01_MASTER_DATABASE'!C156 | D83: ='01_MASTER_DATABASE'!I156 | E83: ='01_MASTER_DATABASE'!G156 | F83: ='01_MASTER_DATABASE'!L156
A84: ='01_MASTER_DATABASE'!A163 | B84: ='01_MASTER_DATABASE'!D163 | C84: ='01_MASTER_DATABASE'!C163 | D84: ='01_MASTER_DATABASE'!I163 | E84: ='01_MASTER_DATABASE'!G163 | F84: ='01_MASTER_DATABASE'!L163
A85: ='01_MASTER_DATABASE'!A167 | B85: ='01_MASTER_DATABASE'!D167 | C85: ='01_MASTER_DATABASE'!C167 | D85: ='01_MASTER_DATABASE'!I167 | E85: ='01_MASTER_DATABASE'!G167 | F85: ='01_MASTER_DATABASE'!L167
A86: ='01_MASTER_DATABASE'!A7 | B86: ='01_MASTER_DATABASE'!D7 | C86: ='01_MASTER_DATABASE'!C7 | D86: ='01_MASTER_DATABASE'!I7 | E86: ='01_MASTER_DATABASE'!G7 | F86: ='01_MASTER_DATABASE'!L7
A87: ='01_MASTER_DATABASE'!A14 | B87: ='01_MASTER_DATABASE'!D14 | C87: ='01_MASTER_DATABASE'!C14 | D87: ='01_MASTER_DATABASE'!I14 | E87: ='01_MASTER_DATABASE'!G14 | F87: ='01_MASTER_DATABASE'!L14
A88: ='01_MASTER_DATABASE'!A17 | B88: ='01_MASTER_DATABASE'!D17 | C88: ='01_MASTER_DATABASE'!C17 | D88: ='01_MASTER_DATABASE'!I17 | E88: ='01_MASTER_DATABASE'!G17 | F88: ='01_MASTER_DATABASE'!L17
A89: ='01_MASTER_DATABASE'!A26 | B89: ='01_MASTER_DATABASE'!D26 | C89: ='01_MASTER_DATABASE'!C26 | D89: ='01_MASTER_DATABASE'!I26 | E89: ='01_MASTER_DATABASE'!G26 | F89: ='01_MASTER_DATABASE'!L26
A90: ='01_MASTER_DATABASE'!A28 | B90: ='01_MASTER_DATABASE'!D28 | C90: ='01_MASTER_DATABASE'!C28 | D90: ='01_MASTER_DATABASE'!I28 | E90: ='01_MASTER_DATABASE'!G28 | F90: ='01_MASTER_DATABASE'!L28
A91: ='01_MASTER_DATABASE'!A53 | B91: ='01_MASTER_DATABASE'!D53 | C91: ='01_MASTER_DATABASE'!C53 | D91: ='01_MASTER_DATABASE'!I53 | E91: ='01_MASTER_DATABASE'!G53 | F91: ='01_MASTER_DATABASE'!L53
A92: ='01_MASTER_DATABASE'!A54 | B92: ='01_MASTER_DATABASE'!D54 | C92: ='01_MASTER_DATABASE'!C54 | D92: ='01_MASTER_DATABASE'!I54 | E92: ='01_MASTER_DATABASE'!G54 | F92: ='01_MASTER_DATABASE'!L54
A93: ='01_MASTER_DATABASE'!A59 | B93: ='01_MASTER_DATABASE'!D59 | C93: ='01_MASTER_DATABASE'!C59 | D93: ='01_MASTER_DATABASE'!I59 | E93: ='01_MASTER_DATABASE'!G59 | F93: ='01_MASTER_DATABASE'!L59
A94: ='01_MASTER_DATABASE'!A62 | B94: ='01_MASTER_DATABASE'!D62 | C94: ='01_MASTER_DATABASE'!C62 | D94: ='01_MASTER_DATABASE'!I62 | E94: ='01_MASTER_DATABASE'!G62 | F94: ='01_MASTER_DATABASE'!L62
A95: ='01_MASTER_DATABASE'!A63 | B95: ='01_MASTER_DATABASE'!D63 | C95: ='01_MASTER_DATABASE'!C63 | D95: ='01_MASTER_DATABASE'!I63 | E95: ='01_MASTER_DATABASE'!G63 | F95: ='01_MASTER_DATABASE'!L63
A96: ='01_MASTER_DATABASE'!A64 | B96: ='01_MASTER_DATABASE'!D64 | C96: ='01_MASTER_DATABASE'!C64 | D96: ='01_MASTER_DATABASE'!I64 | E96: ='01_MASTER_DATABASE'!G64 | F96: ='01_MASTER_DATABASE'!L64
A97: ='01_MASTER_DATABASE'!A68 | B97: ='01_MASTER_DATABASE'!D68 | C97: ='01_MASTER_DATABASE'!C68 | D97: ='01_MASTER_DATABASE'!I68 | E97: ='01_MASTER_DATABASE'!G68 | F97: ='01_MASTER_DATABASE'!L68
A98: ='01_MASTER_DATABASE'!A69 | B98: ='01_MASTER_DATABASE'!D69 | C98: ='01_MASTER_DATABASE'!C69 | D98: ='01_MASTER_DATABASE'!I69 | E98: ='01_MASTER_DATABASE'!G69 | F98: ='01_MASTER_DATABASE'!L69
A99: ='01_MASTER_DATABASE'!A71 | B99: ='01_MASTER_DATABASE'!D71 | C99: ='01_MASTER_DATABASE'!C71 | D99: ='01_MASTER_DATABASE'!I71 | E99: ='01_MASTER_DATABASE'!G71 | F99: ='01_MASTER_DATABASE'!L71
A100: ='01_MASTER_DATABASE'!A72 | B100: ='01_MASTER_DATABASE'!D72 | C100: ='01_MASTER_DATABASE'!C72 | D100: ='01_MASTER_DATABASE'!I72 | E100: ='01_MASTER_DATABASE'!G72 | F100: ='01_MASTER_DATABASE'!L72
A101: ='01_MASTER_DATABASE'!A84 | B101: ='01_MASTER_DATABASE'!D84 | C101: ='01_MASTER_DATABASE'!C84 | D101: ='01_MASTER_DATABASE'!I84 | E101: ='01_MASTER_DATABASE'!G84 | F101: ='01_MASTER_DATABASE'!L84
A102: ='01_MASTER_DATABASE'!A86 | B102: ='01_MASTER_DATABASE'!D86 | C102: ='01_MASTER_DATABASE'!C86 | D102: ='01_MASTER_DATABASE'!I86 | E102: ='01_MASTER_DATABASE'!G86 | F102: ='01_MASTER_DATABASE'!L86
...

Sheet 07_SO SÁNH KÍNH
A1: KHẢ NĂNG TƯƠNG THÍCH VÀ ĐỘ DÀY KÍNH TỐI ĐA CỦA KHUNG
A4: Mã Hệ | B4: Hãng | C4: Kính Tương Thích | D4: Kính Min | E4: Kính Max (mm) | F4: Tương Thích Kính Hộp | G4: Tương Thích Kính Hộp 3 Lớp
A5: ='01_MASTER_DATABASE'!C2 | B5: ='01_MASTER_DATABASE'!D2 | C5: ='01_MASTER_DATABASE'!M2 | D5: =IF(ISNUMBER(SEARCH("5",'01_MASTER_DATABASE'!M2)),5,8) | E5: =IFERROR(VALUE(SUBSTITUTE('01_MASTER_DATABASE'!N2,"mm","")),0) | F5: =IF(OR(ISNUMBER(SEARCH("hộp",'01_MASTER_DATABASE'!M2)), IFERROR(VALUE(SUBSTITUTE('01_MASTER_DATABASE'!N2,"mm","")),0)>=20),"✓","✗") | G5: =IF(OR(ISNUMBER(SEARCH("3 lớp",'01_MASTER_DATABASE'!M2)), IFERROR(VALUE(SUBSTITUTE('01_MASTER_DATABASE'!N2,"mm","")),0)>=32),"✓","✗")
A6: ='01_MASTER_DATABASE'!C3 | B6: ='01_MASTER_DATABASE'!D3 | C6: ='01_MASTER_DATABASE'!M3 | D6: =IF(ISNUMBER(SEARCH("5",'01_MASTER_DATABASE'!M3)),5,8) | E6: =IFERROR(VALUE(SUBSTITUTE('01_MASTER_DATABASE'!N3,"mm","")),0) | F6: =IF(OR(ISNUMBER(SEARCH("hộp",'01_MASTER_DATABASE'!M3)), IFERROR(VALUE(SUBSTITUTE('01_MASTER_DATABASE'!N3,"mm","")),0)>=20),"✓","✗") | G6: =IF(OR(ISNUMBER(SEARCH("3 lớp",'01_MASTER_DATABASE'!M3)), IFERROR(VALUE(SUBSTITUTE('01_MASTER_DATABASE'!N3,"mm","")),0)>=32),"✓","✗")
A7: ='01_MASTER_DATABASE'!C4 | B7: ='01_MASTER_DATABASE'!D4 | C7: ='01_MASTER_DATABASE'!M4 | D7: =IF(ISNUMBER(SEARCH("5",'01_MASTER_DATABASE'!M4)),5,8) | E7: =IFERROR(VALUE(SUBSTITUTE('01_MASTER_DATABASE'!N4,"mm","")),0) | F7: =IF(OR(ISNUMBER(SEARCH("hộp",'01_MASTER_DATABASE'!M4)), IFERROR(VALUE(SUBSTITUTE('01_MASTER_DATABASE'!N4,"mm","")),0)>=20),"✓","✗") | G7: =IF(OR(ISNUMBER(SEARCH("3 lớp",'01_MASTER_DATABASE'!M4)), IFERROR(VALUE(SUBSTITUTE('01_MASTER_DATABASE'!N4,"mm","")),0)>=32),"✓","✗")
A8: ='01_MASTER_DATABASE'!C5 | B8: ='01_MASTER_DATABASE'!D5 | C8: ='01_MASTER_DATABASE'!M5 | D8: =IF(ISNUMBER(SEARCH("5",'01_MASTER_DATABASE'!M5)),5,8) | E8: =IFERROR(VALUE(SUBSTITUTE('01_MASTER_DATABASE'!N5,"mm","")),0) | F8: =IF(OR(ISNUMBER(SEARCH("hộp",'01_MASTER_DATABASE'!M5)), IFERROR(VALUE(SUBSTITUTE('01_MASTER_DATABASE'!N5,"mm","")),0)>=20),"✓","✗") | G8: =IF(OR(ISNUMBER(SEARCH("3 lớp",'01_MASTER_DATABASE'!M5)), IFERROR(VALUE(SUBSTITUTE('01_MASTER_DATABASE'!N5,"mm","")),0)>=32),"✓","✗")
A9: ='01_MASTER_DATABASE'!C6 | B9: ='01_MASTER_DATABASE'!D6 | C9: ='01_MASTER_DATABASE'!M6 | D9: =IF(ISNUMBER(SEARCH("5",'01_MASTER_DATABASE'!M6)),5,8) | E9: =IFERROR(VALUE(SUBSTITUTE('01_MASTER_DATABASE'!N6,"mm","")),0) | F9: =IF(OR(ISNUMBER(SEARCH("hộp",'01_MASTER_DATABASE'!M6)), IFERROR(VALUE(SUBSTITUTE('01_MASTER_DATABASE'!N6,"mm","")),0)>=20),"✓","✗") | G9: =IF(OR(ISNUMBER(SEARCH("3 lớp",'01_MASTER_DATABASE'!M6)), IFERROR(VALUE(SUBSTITUTE('01_MASTER_DATABASE'!N6,"mm","")),0)>=32),"✓","✗")
A10: ='01_MASTER_DATABASE'!C7 | B10: ='01_MASTER_DATABASE'!D7 | C10: ='01_MASTER_DATABASE'!M7 | D10: =IF(ISNUMBER(SEARCH("5",'01_MASTER_DATABASE'!M7)),5,8) | E10: =IFERROR(VALUE(SUBSTITUTE('01_MASTER_DATABASE'!N7,"mm","")),0) | F10: =IF(OR(ISNUMBER(SEARCH("hộp",'01_MASTER_DATABASE'!M7)), IFERROR(VALUE(SUBSTITUTE('01_MASTER_DATABASE'!N7,"mm","")),0)>=20),"✓","✗") | G10: =IF(OR(ISNUMBER(SEARCH("3 lớp",'01_MASTER_DATABASE'!M7)), IFERROR(VALUE(SUBSTITUTE('01_MASTER_DATABASE'!N7,"mm","")),0)>=32),"✓","✗")
A11: ='01_MASTER_DATABASE'!C8 | B11: ='01_MASTER_DATABASE'!D8 | C11: ='01_MASTER_DATABASE'!M8 | D11: =IF(ISNUMBER(SEARCH("5",'01_MASTER_DATABASE'!M8)),5,8) | E11: =IFERROR(VALUE(SUBSTITUTE('01_MASTER_DATABASE'!N8,"mm","")),0) | F11: =IF(OR(ISNUMBER(SEARCH("hộp",'01_MASTER_DATABASE'!M8)), IFERROR(VALUE(SUBSTITUTE('01_MASTER_DATABASE'!N8,"mm","")),0)>=20),"✓","✗") | G11: =IF(OR(ISNUMBER(SEARCH("3 lớp",'01_MASTER_DATABASE'!M8)), IFERROR(VALUE(SUBSTITUTE('01_MASTER_DATABASE'!N8,"mm","")),0)>=32),"✓","✗")
A12: ='01_MASTER_DATABASE'!C9 | B12: ='01_MASTER_DATABASE'!D9 | C12: ='01_MASTER_DATABASE'!M9 | D12: =IF(ISNUMBER(SEARCH("5",'01_MASTER_DATABASE'!M9)),5,8) | E12: =IFERROR(VALUE(SUBSTITUTE('01_MASTER_DATABASE'!N9,"mm","")),0) | F12: =IF(OR(ISNUMBER(SEARCH("hộp",'01_MASTER_DATABASE'!M9)), IFERROR(VALUE(SUBSTITUTE('01_MASTER_DATABASE'!N9,"mm","")),0)>=20),"✓","✗") | G12: =IF(OR(ISNUMBER(SEARCH("3 lớp",'01_MASTER_DATABASE'!M9)), IFERROR(VALUE(SUBSTITUTE('01_MASTER_DATABASE'!N9,"mm","")),0)>=32),"✓","✗")
A13: ='01_MASTER_DATABASE'!C10 | B13: ='01_MASTER_DATABASE'!D10 | C13: ='01_MASTER_DATABASE'!M10 | D13: =IF(ISNUMBER(SEARCH("5",'01_MASTER_DATABASE'!M10)),5,8) | E13: =IFERROR(VALUE(SUBSTITUTE('01_MASTER_DATABASE'!N10,"mm","")),0) | F13: =IF(OR(ISNUMBER(SEARCH("hộp",'01_MASTER_DATABASE'!M10)), IFERROR(VALUE(SUBSTITUTE('01_MASTER_DATABASE'!N10,"mm","")),0)>=20),"✓","✗") | G13: =IF(OR(ISNUMBER(SEARCH("3 lớp",'01_MASTER_DATABASE'!M10)), IFERROR(VALUE(SUBSTITUTE('01_MASTER_DATABASE'!N10,"mm","")),0)>=32),"✓","✗")
A14: ='01_MASTER_DATABASE'!C11 | B14: ='01_MASTER_DATABASE'!D11 | C14: ='01_MASTER_DATABASE'!M11 | D14: =IF(ISNUMBER(SEARCH("5",'01_MASTER_DATABASE'!M11)),5,8) | E14: =IFERROR(VALUE(SUBSTITUTE('01_MASTER_DATABASE'!N11,"mm","")),0) | F14: =IF(OR(ISNUMBER(SEARCH("hộp",'01_MASTER_DATABASE'!M11)), IFERROR(VALUE(SUBSTITUTE('01_MASTER_DATABASE'!N11,"mm","")),0)>=20),"✓","✗") | G14: =IF(OR(ISNUMBER(SEARCH("3 lớp",'01_MASTER_DATABASE'!M11)), IFERROR(VALUE(SUBSTITUTE('01_MASTER_DATABASE'!N11,"mm","")),0)>=32),"✓","✗")
A15: ='01_MASTER_DATABASE'!C12 | B15: ='01_MASTER_DATABASE'!D12 | C15: ='01_MASTER_DATABASE'!M12 | D15: =IF(ISNUMBER(SEARCH("5",'01_MASTER_DATABASE'!M12)),5,8) | E15: =IFERROR(VALUE(SUBSTITUTE('01_MASTER_DATABASE'!N12,"mm","")),0) | F15: =IF(OR(ISNUMBER(SEARCH("hộp",'01_MASTER_DATABASE'!M12)), IFERROR(VALUE(SUBSTITUTE('01_MASTER_DATABASE'!N12,"mm","")),0)>=20),"✓","✗") | G15: =IF(OR(ISNUMBER(SEARCH("3 lớp",'01_MASTER_DATABASE'!M12)), IFERROR(VALUE(SUBSTITUTE('01_MASTER_DATABASE'!N12,"mm","")),0)>=32),"✓","✗")
A16: ='01_MASTER_DATABASE'!C13 | B16: ='01_MASTER_DATABASE'!D13 | C16: ='01_MASTER_DATABASE'!M13 | D16: =IF(ISNUMBER(SEARCH("5",'01_MASTER_DATABASE'!M13)),5,8) | E16: =IFERROR(VALUE(SUBSTITUTE('01_MASTER_DATABASE'!N13,"mm","")),0) | F16: =IF(OR(ISNUMBER(SEARCH("hộp",'01_MASTER_DATABASE'!M13)), IFERROR(VALUE(SUBSTITUTE('01_MASTER_DATABASE'!N13,"mm","")),0)>=20),"✓","✗") | G16: =IF(OR(ISNUMBER(SEARCH("3 lớp",'01_MASTER_DATABASE'!M13)), IFERROR(VALUE(SUBSTITUTE('01_MASTER_DATABASE'!N13,"mm","")),0)>=32),"✓","✗")
... A176: ='01_MASTER_DATABASE'!C173 | B176: ='01_MASTER_DATABASE'!D173 | C176: ='01_MASTER_DATABASE'!M173 | D176: =IF(ISNUMBER(SEARCH("5",'01_MASTER_DATABASE'!M173)),5,8) | E176: =IFERROR(VALUE(SUBSTITUTE('01_MASTER_DATABASE'!N173,"mm","")),0) | F176: =IF(OR(ISNUMBER(SEARCH("hộp",'01_MASTER_DATABASE'!M173)), IFERROR(VALUE(SUBSTITUTE('01_MASTER_DATABASE'!N173,"mm","")),0)>=20),"✓","✗") | G176: =IF(OR(ISNUMBER(SEARCH("3 lớp",'01_MASTER_DATABASE'!M173)), IFERROR(VALUE(SUBSTITUTE('01_MASTER_DATABASE'!N173,"mm","")),0)>=32),"✓","✗")

Sheet 08_SO SÁNH KÍCH THƯỚC
A1: GIỚI HẠN KÍCH THƯỚC CÁNH VÀ DIỆN TÍCH CỬA TỐI ĐA
A4: Mã Hệ | B4: Hãng | C4: Kích Thước Khung Đề Xuất | D4: Chiều Rộng Max (mm) | E4: Chiều Cao Max (mm) | F4: Diện Tích Cánh Max (m²)
A5: ='01_MASTER_DATABASE'!C2 | B5: ='01_MASTER_DATABASE'!D2 | C5: ='01_MASTER_DATABASE'!O2 | D5: =IFERROR(VALUE(LEFT('01_MASTER_DATABASE'!O2, SEARCH("×",'01_MASTER_DATABASE'!O2)-1)), 0) | E5: =IFERROR(VALUE(RIGHT('01_MASTER_DATABASE'!O2, LEN('01_MASTER_DATABASE'!O2) - SEARCH("×",'01_MASTER_DATABASE'!O2))), 0) | F5: =IFERROR((D5*E5)/1000000, 0)
A6: ='01_MASTER_DATABASE'!C3 | B6: ='01_MASTER_DATABASE'!D3 | C6: ='01_MASTER_DATABASE'!O3 | D6: =IFERROR(VALUE(LEFT('01_MASTER_DATABASE'!O3, SEARCH("×",'01_MASTER_DATABASE'!O3)-1)), 0) | E6: =IFERROR(VALUE(RIGHT('01_MASTER_DATABASE'!O3, LEN('01_MASTER_DATABASE'!O3) - SEARCH("×",'01_MASTER_DATABASE'!O3))), 0) | F6: =IFERROR((D6*E6)/1000000, 0)
A7: ='01_MASTER_DATABASE'!C4 | B7: ='01_MASTER_DATABASE'!D4 | C7: ='01_MASTER_DATABASE'!O4 | D7: =IFERROR(VALUE(LEFT('01_MASTER_DATABASE'!O4, SEARCH("×",'01_MASTER_DATABASE'!O4)-1)), 0) | E7: =IFERROR(VALUE(RIGHT('01_MASTER_DATABASE'!O4, LEN('01_MASTER_DATABASE'!O4) - SEARCH("×",'01_MASTER_DATABASE'!O4))), 0) | F7: =IFERROR((D7*E7)/1000000, 0)
A8: ='01_MASTER_DATABASE'!C5 | B8: ='01_MASTER_DATABASE'!D5 | C8: ='01_MASTER_DATABASE'!O5 | D8: =IFERROR(VALUE(LEFT('01_MASTER_DATABASE'!O5, SEARCH("×",'01_MASTER_DATABASE'!O5)-1)), 0) | E8: =IFERROR(VALUE(RIGHT('01_MASTER_DATABASE'!O5, LEN('01_MASTER_DATABASE'!O5) - SEARCH("×",'01_MASTER_DATABASE'!O5))), 0) | F8: =IFERROR((D8*E8)/1000000, 0)
A9: ='01_MASTER_DATABASE'!C6 | B9: ='01_MASTER_DATABASE'!D6 | C9: ='01_MASTER_DATABASE'!O6 | D9: =IFERROR(VALUE(LEFT('01_MASTER_DATABASE'!O6, SEARCH("×",'01_MASTER_DATABASE'!O6)-1)), 0) | E9: =IFERROR(VALUE(RIGHT('01_MASTER_DATABASE'!O6, LEN('01_MASTER_DATABASE'!O6) - SEARCH("×",'01_MASTER_DATABASE'!O6))), 0) | F9: =IFERROR((D9*E9)/1000000, 0)
A10: ='01_MASTER_DATABASE'!C7 | B10: ='01_MASTER_DATABASE'!D7 | C10: ='01_MASTER_DATABASE'!O7 | D10: =IFERROR(VALUE(LEFT('01_MASTER_DATABASE'!O7, SEARCH("×",'01_MASTER_DATABASE'!O7)-1)), 0) | E10: =IFERROR(VALUE(RIGHT('01_MASTER_DATABASE'!O7, LEN('01_MASTER_DATABASE'!O7) - SEARCH("×",'01_MASTER_DATABASE'!O7))), 0) | F10: =IFERROR((D10*E10)/1000000, 0)
A11: ='01_MASTER_DATABASE'!C8 | B11: ='01_MASTER_DATABASE'!D8 | C11: ='01_MASTER_DATABASE'!O8 | D11: =IFERROR(VALUE(LEFT('01_MASTER_DATABASE'!O8, SEARCH("×",'01_MASTER_DATABASE'!O8)-1)), 0) | E11: =IFERROR(VALUE(RIGHT('01_MASTER_DATABASE'!O8, LEN('01_MASTER_DATABASE'!O8) - SEARCH("×",'01_MASTER_DATABASE'!O8))), 0) | F11: =IFERROR((D11*E11)/1000000, 0)
A12: ='01_MASTER_DATABASE'!C9 | B12: ='01_MASTER_DATABASE'!D9 | C12: ='01_MASTER_DATABASE'!O9 | D12: =IFERROR(VALUE(LEFT('01_MASTER_DATABASE'!O9, SEARCH("×",'01_MASTER_DATABASE'!O9)-1)), 0) | E12: =IFERROR(VALUE(RIGHT('01_MASTER_DATABASE'!O9, LEN('01_MASTER_DATABASE'!O9) - SEARCH("×",'01_MASTER_DATABASE'!O9))), 0) | F12: =IFERROR((D12*E12)/1000000, 0)
A13: ='01_MASTER_DATABASE'!C10 | B13: ='01_MASTER_DATABASE'!D10 | C13: ='01_MASTER_DATABASE'!O10 | D13: =IFERROR(VALUE(LEFT('01_MASTER_DATABASE'!O10, SEARCH("×",'01_MASTER_DATABASE'!O10)-1)), 0) | E13: =IFERROR(VALUE(RIGHT('01_MASTER_DATABASE'!O10, LEN('01_MASTER_DATABASE'!O10) - SEARCH("×",'01_MASTER_DATABASE'!O10))), 0) | F13: =IFERROR((D13*E13)/1000000, 0)
A14: ='01_MASTER_DATABASE'!C11 | B14: ='01_MASTER_DATABASE'!D11 | C14: ='01_MASTER_DATABASE'!O11 | D14: =IFERROR(VALUE(LEFT('01_MASTER_DATABASE'!O11, SEARCH("×",'01_MASTER_DATABASE'!O11)-1)), 0) | E14: =IFERROR(VALUE(RIGHT('01_MASTER_DATABASE'!O11, LEN('01_MASTER_DATABASE'!O11) - SEARCH("×",'01_MASTER_DATABASE'!O11))), 0) | F14: =IFERROR((D14*E14)/1000000, 0)
A15: ='01_MASTER_DATABASE'!C12 | B15: ='01_MASTER_DATABASE'!D12 | C15: ='01_MASTER_DATABASE'!O12 | D15: =IFERROR(VALUE(LEFT('01_MASTER_DATABASE'!O12, SEARCH("×",'01_MASTER_DATABASE'!O12)-1)), 0) | E15: =IFERROR(VALUE(RIGHT('01_MASTER_DATABASE'!O12, LEN('01_MASTER_DATABASE'!O12) - SEARCH("×",'01_MASTER_DATABASE'!O12))), 0) | F15: =IFERROR((D15*E15)/1000000, 0)
A16: ='01_MASTER_DATABASE'!C13 | B16: ='01_MASTER_DATABASE'!D13 | C16: ='01_MASTER_DATABASE'!O13 | D16: =IFERROR(VALUE(LEFT('01_MASTER_DATABASE'!O13, SEARCH("×",'01_MASTER_DATABASE'!O13)-1)), 0) | E16: =IFERROR(VALUE(RIGHT('01_MASTER_DATABASE'!O13, LEN('01_MASTER_DATABASE'!O13) - SEARCH("×",'01_MASTER_DATABASE'!O13))), 0) | F16: =IFERROR((D16*E16)/1000000, 0)
... A176: ='01_MASTER_DATABASE'!C173 | B176: ='01_MASTER_DATABASE'!D173 | C176: ='01_MASTER_DATABASE'!O173 | D176: =IFERROR(VALUE(LEFT('01_MASTER_DATABASE'!O173, SEARCH("×",'01_MASTER_DATABASE'!O173)-1)), 0) | E176: =IFERROR(VALUE(RIGHT('01_MASTER_DATABASE'!O173, LEN('01_MASTER_DATABASE'!O173) - SEARCH("×",'01_MASTER_DATABASE'!O173))), 0) | F176: =IFERROR((D176*E176)/1000000, 0)

Sheet 09_SO SÁNH TẢI TRỌNG
A1: TẢI TRỌNG CÁNH CỬA TỐI ĐA (CHỊU LỰC BẢN LỀ / BÁNH XE)
A4: Mã Hệ | B4: Hãng | C4: Loại Chịu Lực Bản Lề | D4: Loại Chịu Lực Bánh Xe | E4: Tải Trọng Max (kg/cánh)
A5: ='01_MASTER_DATABASE'!C2 | B5: ='01_MASTER_DATABASE'!D2 | C5: =IF(ISNUMBER(SEARCH("quay",'01_MASTER_DATABASE'!G2)), "Bản lề 3D/4D rãnh C", "N/A") | D5: =IF(ISNUMBER(SEARCH("lùa",'01_MASTER_DATABASE'!G2)), "Bánh xe trượt chịu lực", "N/A") | E5: ='01_MASTER_DATABASE'!P2
A6: ='01_MASTER_DATABASE'!C3 | B6: ='01_MASTER_DATABASE'!D3 | C6: =IF(ISNUMBER(SEARCH("quay",'01_MASTER_DATABASE'!G3)), "Bản lề 3D/4D rãnh C", "N/A") | D6: =IF(ISNUMBER(SEARCH("lùa",'01_MASTER_DATABASE'!G3)), "Bánh xe trượt chịu lực", "N/A") | E6: ='01_MASTER_DATABASE'!P3
A7: ='01_MASTER_DATABASE'!C4 | B7: ='01_MASTER_DATABASE'!D4 | C7: =IF(ISNUMBER(SEARCH("quay",'01_MASTER_DATABASE'!G4)), "Bản lề 3D/4D rãnh C", "N/A") | D7: =IF(ISNUMBER(SEARCH("lùa",'01_MASTER_DATABASE'!G4)), "Bánh xe trượt chịu lực", "N/A") | E7: ='01_MASTER_DATABASE'!P4
A8: ='01_MASTER_DATABASE'!C5 | B8: ='01_MASTER_DATABASE'!D5 | C8: =IF(ISNUMBER(SEARCH("quay",'01_MASTER_DATABASE'!G5)), "Bản lề 3D/4D rãnh C", "N/A") | D8: =IF(ISNUMBER(SEARCH("lùa",'01_MASTER_DATABASE'!G5)), "Bánh xe trượt chịu lực", "N/A") | E8: ='01_MASTER_DATABASE'!P5
A9: ='01_MASTER_DATABASE'!C6 | B9: ='01_MASTER_DATABASE'!D6 | C9: =IF(ISNUMBER(SEARCH("quay",'01_MASTER_DATABASE'!G6)), "Bản lề 3D/4D rãnh C", "N/A") | D9: =IF(ISNUMBER(SEARCH("lùa",'01_MASTER_DATABASE'!G6)), "Bánh xe trượt chịu lực", "N/A") | E9: ='01_MASTER_DATABASE'!P6
A10: ='01_MASTER_DATABASE'!C7 | B10: ='01_MASTER_DATABASE'!D7 | C10: =IF(ISNUMBER(SEARCH("quay",'01_MASTER_DATABASE'!G7)), "Bản lề 3D/4D rãnh C", "N/A") | D10: =IF(ISNUMBER(SEARCH("lùa",'01_MASTER_DATABASE'!G7)), "Bánh xe trượt chịu lực", "N/A") | E10: ='01_MASTER_DATABASE'!P7
A11: ='01_MASTER_DATABASE'!C8 | B11: ='01_MASTER_DATABASE'!D8 | C11: =IF(ISNUMBER(SEARCH("quay",'01_MASTER_DATABASE'!G8)), "Bản lề 3D/4D rãnh C", "N/A") | D11: =IF(ISNUMBER(SEARCH("lùa",'01_MASTER_DATABASE'!G8)), "Bánh xe trượt chịu lực", "N/A") | E11: ='01_MASTER_DATABASE'!P8
A12: ='01_MASTER_DATABASE'!C9 | B12: ='01_MASTER_DATABASE'!D9 | C12: =IF(ISNUMBER(SEARCH("quay",'01_MASTER_DATABASE'!G9)), "Bản lề 3D/4D rãnh C", "N/A") | D12: =IF(ISNUMBER(SEARCH("lùa",'01_MASTER_DATABASE'!G9)), "Bánh xe trượt chịu lực", "N/A") | E12: ='01_MASTER_DATABASE'!P9
A13: ='01_MASTER_DATABASE'!C10 | B13: ='01_MASTER_DATABASE'!D10 | C13: =IF(ISNUMBER(SEARCH("quay",'01_MASTER_DATABASE'!G10)), "Bản lề 3D/4D rãnh C", "N/A") | D13: =IF(ISNUMBER(SEARCH("lùa",'01_MASTER_DATABASE'!G10)), "Bánh xe trượt chịu lực", "N/A") | E13: ='01_MASTER_DATABASE'!P10
A14: ='01_MASTER_DATABASE'!C11 | B14: ='01_MASTER_DATABASE'!D11 | C14: =IF(ISNUMBER(SEARCH("quay",'01_MASTER_DATABASE'!G11)), "Bản lề 3D/4D rãnh C", "N/A") | D14: =IF(ISNUMBER(SEARCH("lùa",'01_MASTER_DATABASE'!G11)), "Bánh xe trượt chịu lực", "N/A") | E14: ='01_MASTER_DATABASE'!P11
A15: ='01_MASTER_DATABASE'!C12 | B15: ='01_MASTER_DATABASE'!D12 | C15: =IF(ISNUMBER(SEARCH("quay",'01_MASTER_DATABASE'!G12)), "Bản lề 3D/4D rãnh C", "N/A") | D15: =IF(ISNUMBER(SEARCH("lùa",'01_MASTER_DATABASE'!G12)), "Bánh xe trượt chịu lực", "N/A") | E15: ='01_MASTER_DATABASE'!P12
A16: ='01_MASTER_DATABASE'!C13 | B16: ='01_MASTER_DATABASE'!D13 | C16: =IF(ISNUMBER(SEARCH("quay",'01_MASTER_DATABASE'!G13)), "Bản lề 3D/4D rãnh C", "N/A") | D16: =IF(ISNUMBER(SEARCH("lùa",'01_MASTER_DATABASE'!G13)), "Bánh xe trượt chịu lực", "N/A") | E16: ='01_MASTER_DATABASE'!P13
... A176: ='01_MASTER_DATABASE'!C173 | B176: ='01_MASTER_DATABASE'!D173 | C176: =IF(ISNUMBER(SEARCH("quay",'01_MASTER_DATABASE'!G173)), "Bản lề 3D/4D rãnh C", "N/A") | D176: =IF(ISNUMBER(SEARCH("lùa",'01_MASTER_DATABASE'!G173)), "Bánh xe trượt chịu lực", "N/A") | E176: ='01_MASTER_DATABASE'!P173

Sheet 10_SO SÁNH HIỆU NĂNG
A1: ĐÁNH GIÁ CHỈ SỐ HIỆU NĂNG (CÁCH ÂM, CÁCH NHIỆT, CHỐNG GIÓ, NƯỚC)
A4: Mã Hệ | B4: Hãng | C4: Khả Năng Cách Âm | D4: Khả Năng Cách Nhiệt | E4: Khả Năng Chống Gió | F4: Kín Nước | G4: Kín Khí
A5: ='01_MASTER_DATABASE'!C2 | B5: ='01_MASTER_DATABASE'!D2 | C5: =IF(OR(ISNUMBER(SEARCH("Thermal",'01_MASTER_DATABASE'!B2)),ISNUMBER(SEARCH("cầu",'01_MASTER_DATABASE'!B2)),ISNUMBER(SEARCH("uPVC",'01_MASTER_DATABASE'!B2))),"Xuất sắc (>=40dB)","Tốt (>=30dB)") | D5: =IF(OR(ISNUMBER(SEARCH("Thermal",'01_MASTER_DATABASE'!B2)),ISNUMBER(SEARCH("cầu",'01_MASTER_DATABASE'!B2)),ISNUMBER(SEARCH("uPVC",'01_MASTER_DATABASE'!B2))),"Xuất sắc (Uf <= 1.6)","Trung bình (Không cầu)") | E5: =IF(OR(ISNUMBER(SEARCH("Thermal",'01_MASTER_DATABASE'!B2)),ISNUMBER(SEARCH("cầu",'01_MASTER_DATABASE'!B2)),ISNUMBER(SEARCH("uPVC",'01_MASTER_DATABASE'!B2))),"Class 4 (Đến 2000 Pa)","Class 3 (Đến 1500 Pa)") | F5: =IF(OR(ISNUMBER(SEARCH("Thermal",'01_MASTER_DATABASE'!B2)),ISNUMBER(SEARCH("cầu",'01_MASTER_DATABASE'!B2)),ISNUMBER(SEARCH("uPVC",'01_MASTER_DATABASE'!B2))),"Tuyệt đối (Class 9A)","Tốt (Class 7A)") | G5: =IF(OR(ISNUMBER(SEARCH("Thermal",'01_MASTER_DATABASE'!B2)),ISNUMBER(SEARCH("cầu",'01_MASTER_DATABASE'!B2)),ISNUMBER(SEARCH("uPVC",'01_MASTER_DATABASE'!B2))),"Tuyệt đối (Class 4)","Tốt (Class 3)")
A6: ='01_MASTER_DATABASE'!C3 | B6: ='01_MASTER_DATABASE'!D3 | C6: =IF(OR(ISNUMBER(SEARCH("Thermal",'01_MASTER_DATABASE'!B3)),ISNUMBER(SEARCH("cầu",'01_MASTER_DATABASE'!B3)),ISNUMBER(SEARCH("uPVC",'01_MASTER_DATABASE'!B3))),"Xuất sắc (>=40dB)","Tốt (>=30dB)") | D6: =IF(OR(ISNUMBER(SEARCH("Thermal",'01_MASTER_DATABASE'!B3)),ISNUMBER(SEARCH("cầu",'01_MASTER_DATABASE'!B3)),ISNUMBER(SEARCH("uPVC",'01_MASTER_DATABASE'!B3))),"Xuất sắc (Uf <= 1.6)","Trung bình (Không cầu)") | E6: =IF(OR(ISNUMBER(SEARCH("Thermal",'01_MASTER_DATABASE'!B3)),ISNUMBER(SEARCH("cầu",'01_MASTER_DATABASE'!B3)),ISNUMBER(SEARCH("uPVC",'01_MASTER_DATABASE'!B3))),"Class 4 (Đến 2000 Pa)","Class 3 (Đến 1500 Pa)") | F6: =IF(OR(ISNUMBER(SEARCH("Thermal",'01_MASTER_DATABASE'!B3)),ISNUMBER(SEARCH("cầu",'01_MASTER_DATABASE'!B3)),ISNUMBER(SEARCH("uPVC",'01_MASTER_DATABASE'!B3))),"Tuyệt đối (Class 9A)","Tốt (Class 7A)") | G6: =IF(OR(ISNUMBER(SEARCH("Thermal",'01_MASTER_DATABASE'!B3)),ISNUMBER(SEARCH("cầu",'01_MASTER_DATABASE'!B3)),ISNUMBER(SEARCH("uPVC",'01_MASTER_DATABASE'!B3))),"Tuyệt đối (Class 4)","Tốt (Class 3)")
A7: ='01_MASTER_DATABASE'!C4 | B7: ='01_MASTER_DATABASE'!D4 | C7: =IF(OR(ISNUMBER(SEARCH("Thermal",'01_MASTER_DATABASE'!B4)),ISNUMBER(SEARCH("cầu",'01_MASTER_DATABASE'!B4)),ISNUMBER(SEARCH("uPVC",'01_MASTER_DATABASE'!B4))),"Xuất sắc (>=40dB)","Tốt (>=30dB)") | D7: =IF(OR(ISNUMBER(SEARCH("Thermal",'01_MASTER_DATABASE'!B4)),ISNUMBER(SEARCH("cầu",'01_MASTER_DATABASE'!B4)),ISNUMBER(SEARCH("uPVC",'01_MASTER_DATABASE'!B4))),"Xuất sắc (Uf <= 1.6)","Trung bình (Không cầu)") | E7: =IF(OR(ISNUMBER(SEARCH("Thermal",'01_MASTER_DATABASE'!B4)),ISNUMBER(SEARCH("cầu",'01_MASTER_DATABASE'!B4)),ISNUMBER(SEARCH("uPVC",'01_MASTER_DATABASE'!B4))),"Class 4 (Đến 2000 Pa)","Class 3 (Đến 1500 Pa)") | F7: =IF(OR(ISNUMBER(SEARCH("Thermal",'01_MASTER_DATABASE'!B4)),ISNUMBER(SEARCH("cầu",'01_MASTER_DATABASE'!B4)),ISNUMBER(SEARCH("uPVC",'01_MASTER_DATABASE'!B4))),"Tuyệt đối (Class 9A)","Tốt (Class 7A)") | G7: =IF(OR(ISNUMBER(SEARCH("Thermal",'01_MASTER_DATABASE'!B4)),ISNUMBER(SEARCH("cầu",'01_MASTER_DATABASE'!B4)),ISNUMBER(SEARCH("uPVC",'01_MASTER_DATABASE'!B4))),"Tuyệt đối (Class 4)","Tốt (Class 3)")
A8: ='01_MASTER_DATABASE'!C5 | B8: ='01_MASTER_DATABASE'!D5 | C8: =IF(OR(ISNUMBER(SEARCH("Thermal",'01_MASTER_DATABASE'!B5)),ISNUMBER(SEARCH("cầu",'01_MASTER_DATABASE'!B5)),ISNUMBER(SEARCH("uPVC",'01_MASTER_DATABASE'!B5))),"Xuất sắc (>=40dB)","Tốt (>=30dB)") | D8: =IF(OR(ISNUMBER(SEARCH("Thermal",'01_MASTER_DATABASE'!B5)),ISNUMBER(SEARCH("cầu",'01_MASTER_DATABASE'!B5)),ISNUMBER(SEARCH("uPVC",'01_MASTER_DATABASE'!B5))),"Xuất sắc (Uf <= 1.6)","Trung bình (Không cầu)") | E8: =IF(OR(ISNUMBER(SEARCH("Thermal",'01_MASTER_DATABASE'!B5)),ISNUMBER(SEARCH("cầu",'01_MASTER_DATABASE'!B5)),ISNUMBER(SEARCH("uPVC",'01_MASTER_DATABASE'!B5))),"Class 4 (Đến 2000 Pa)","Class 3 (Đến 1500 Pa)") | F8: =IF(OR(ISNUMBER(SEARCH("Thermal",'01_MASTER_DATABASE'!B5)),ISNUMBER(SEARCH("cầu",'01_MASTER_DATABASE'!B5)),ISNUMBER(SEARCH("uPVC",'01_MASTER_DATABASE'!B5))),"Tuyệt đối (Class 9A)","Tốt (Class 7A)") | G8: =IF(OR(ISNUMBER(SEARCH("Thermal",'01_MASTER_DATABASE'!B5)),ISNUMBER(SEARCH("cầu",'01_MASTER_DATABASE'!B5)),ISNUMBER(SEARCH("uPVC",'01_MASTER_DATABASE'!B5))),"Tuyệt đối (Class 4)","Tốt (Class 3)")
A9: ='01_MASTER_DATABASE'!C6 | B9: ='01_MASTER_DATABASE'!D6 | C9: =IF(OR(ISNUMBER(SEARCH("Thermal",'01_MASTER_DATABASE'!B6)),ISNUMBER(SEARCH("cầu",'01_MASTER_DATABASE'!B6)),ISNUMBER(SEARCH("uPVC",'01_MASTER_DATABASE'!B6))),"Xuất sắc (>=40dB)","Tốt (>=30dB)") | D9: =IF(OR(ISNUMBER(SEARCH("Thermal",'01_MASTER_DATABASE'!B6)),ISNUMBER(SEARCH("cầu",'01_MASTER_DATABASE'!B6)),ISNUMBER(SEARCH("uPVC",'01_MASTER_DATABASE'!B6))),"Xuất sắc (Uf <= 1.6)","Trung bình (Không cầu)") | E9: =IF(OR(ISNUMBER(SEARCH("Thermal",'01_MASTER_DATABASE'!B6)),ISNUMBER(SEARCH("cầu",'01_MASTER_DATABASE'!B6)),ISNUMBER(SEARCH("uPVC",'01_MASTER_DATABASE'!B6))),"Class 4 (Đến 2000 Pa)","Class 3 (Đến 1500 Pa)") | F9: =IF(OR(ISNUMBER(SEARCH("Thermal",'01_MASTER_DATABASE'!B6)),ISNUMBER(SEARCH("cầu",'01_MASTER_DATABASE'!B6)),ISNUMBER(SEARCH("uPVC",'01_MASTER_DATABASE'!B6))),"Tuyệt đối (Class 9A)","Tốt (Class 7A)") | G9: =IF(OR(ISNUMBER(SEARCH("Thermal",'01_MASTER_DATABASE'!B6)),ISNUMBER(SEARCH("cầu",'01_MASTER_DATABASE'!B6)),ISNUMBER(SEARCH("uPVC",'01_MASTER_DATABASE'!B6))),"Tuyệt đối (Class 4)","Tốt (Class 3)")
A10: ='01_MASTER_DATABASE'!C7 | B10: ='01_MASTER_DATABASE'!D7 | C10: =IF(OR(ISNUMBER(SEARCH("Thermal",'01_MASTER_DATABASE'!B7)),ISNUMBER(SEARCH("cầu",'01_MASTER_DATABASE'!B7)),ISNUMBER(SEARCH("uPVC",'01_MASTER_DATABASE'!B7))),"Xuất sắc (>=40dB)","Tốt (>=30dB)") | D10: =IF(OR(ISNUMBER(SEARCH("Thermal",'01_MASTER_DATABASE'!B7)),ISNUMBER(SEARCH("cầu",'01_MASTER_DATABASE'!B7)),ISNUMBER(SEARCH("uPVC",'01_MASTER_DATABASE'!B7))),"Xuất sắc (Uf <= 1.6)","Trung bình (Không cầu)") | E10: =IF(OR(ISNUMBER(SEARCH("Thermal",'01_MASTER_DATABASE'!B7)),ISNUMBER(SEARCH("cầu",'01_MASTER_DATABASE'!B7)),ISNUMBER(SEARCH("uPVC",'01_MASTER_DATABASE'!B7))),"Class 4 (Đến 2000 Pa)","Class 3 (Đến 1500 Pa)") | F10: =IF(OR(ISNUMBER(SEARCH("Thermal",'01_MASTER_DATABASE'!B7)),ISNUMBER(SEARCH("cầu",'01_MASTER_DATABASE'!B7)),ISNUMBER(SEARCH("uPVC",'01_MASTER_DATABASE'!B7))),"Tuyệt đối (Class 9A)","Tốt (Class 7A)") | G10: =IF(OR(ISNUMBER(SEARCH("Thermal",'01_MASTER_DATABASE'!B7)),ISNUMBER(SEARCH("cầu",'01_MASTER_DATABASE'!B7)),ISNUMBER(SEARCH("uPVC",'01_MASTER_DATABASE'!B7))),"Tuyệt đối (Class 4)","Tốt (Class 3)")
A11: ='01_MASTER_DATABASE'!C8 | B11: ='01_MASTER_DATABASE'!D8 | C11: =IF(OR(ISNUMBER(SEARCH("Thermal",'01_MASTER_DATABASE'!B8)),ISNUMBER(SEARCH("cầu",'01_MASTER_DATABASE'!B8)),ISNUMBER(SEARCH("uPVC",'01_MASTER_DATABASE'!B8))),"Xuất sắc (>=40dB)","Tốt (>=30dB)") | D11: =IF(OR(ISNUMBER(SEARCH("Thermal",'01_MASTER_DATABASE'!B8)),ISNUMBER(SEARCH("cầu",'01_MASTER_DATABASE'!B8)),ISNUMBER(SEARCH("uPVC",'01_MASTER_DATABASE'!B8))),"Xuất sắc (Uf <= 1.6)","Trung bình (Không cầu)") | E11: =IF(OR(ISNUMBER(SEARCH("Thermal",'01_MASTER_DATABASE'!B8)),ISNUMBER(SEARCH("cầu",'01_MASTER_DATABASE'!B8)),ISNUMBER(SEARCH("uPVC",'01_MASTER_DATABASE'!B8))),"Class 4 (Đến 2000 Pa)","Class 3 (Đến 1500 Pa)") | F11: =IF(OR(ISNUMBER(SEARCH("Thermal",'01_MASTER_DATABASE'!B8)),ISNUMBER(SEARCH("cầu",'01_MASTER_DATABASE'!B8)),ISNUMBER(SEARCH("uPVC",'01_MASTER_DATABASE'!B8))),"Tuyệt đối (Class 9A)","Tốt (Class 7A)") | G11: =IF(OR(ISNUMBER(SEARCH("Thermal",'01_MASTER_DATABASE'!B8)),ISNUMBER(SEARCH("cầu",'01_MASTER_DATABASE'!B8)),ISNUMBER(SEARCH("uPVC",'01_MASTER_DATABASE'!B8))),"Tuyệt đối (Class 4)","Tốt (Class 3)")
A12: ='01_MASTER_DATABASE'!C9 | B12: ='01_MASTER_DATABASE'!D9 | C12: =IF(OR(ISNUMBER(SEARCH("Thermal",'01_MASTER_DATABASE'!B9)),ISNUMBER(SEARCH("cầu",'01_MASTER_DATABASE'!B9)),ISNUMBER(SEARCH("uPVC",'01_MASTER_DATABASE'!B9))),"Xuất sắc (>=40dB)","Tốt (>=30dB)") | D12: =IF(OR(ISNUMBER(SEARCH("Thermal",'01_MASTER_DATABASE'!B9)),ISNUMBER(SEARCH("cầu",'01_MASTER_DATABASE'!B9)),ISNUMBER(SEARCH("uPVC",'01_MASTER_DATABASE'!B9))),"Xuất sắc (Uf <= 1.6)","Trung bình (Không cầu)") | E12: =IF(OR(ISNUMBER(SEARCH("Thermal",'01_MASTER_DATABASE'!B9)),ISNUMBER(SEARCH("cầu",'01_MASTER_DATABASE'!B9)),ISNUMBER(SEARCH("uPVC",'01_MASTER_DATABASE'!B9))),"Class 4 (Đến 2000 Pa)","Class 3 (Đến 1500 Pa)") | F12: =IF(OR(ISNUMBER(SEARCH("Thermal",'01_MASTER_DATABASE'!B9)),ISNUMBER(SEARCH("cầu",'01_MASTER_DATABASE'!B9)),ISNUMBER(SEARCH("uPVC",'01_MASTER_DATABASE'!B9))),"Tuyệt đối (Class 9A)","Tốt (Class 7A)") | G12: =IF(OR(ISNUMBER(SEARCH("Thermal",'01_MASTER_DATABASE'!B9)),ISNUMBER(SEARCH("cầu",'01_MASTER_DATABASE'!B9)),ISNUMBER(SEARCH("uPVC",'01_MASTER_DATABASE'!B9))),"Tuyệt đối (Class 4)","Tốt (Class 3)")
A13: ='01_MASTER_DATABASE'!C10 | B13: ='01_MASTER_DATABASE'!D10 | C13: =IF(OR(ISNUMBER(SEARCH("Thermal",'01_MASTER_DATABASE'!B10)),ISNUMBER(SEARCH("cầu",'01_MASTER_DATABASE'!B10)),ISNUMBER(SEARCH("uPVC",'01_MASTER_DATABASE'!B10))),"Xuất sắc (>=40dB)","Tốt (>=30dB)") | D13: =IF(OR(ISNUMBER(SEARCH("Thermal",'01_MASTER_DATABASE'!B10)),ISNUMBER(SEARCH("cầu",'01_MASTER_DATABASE'!B10)),ISNUMBER(SEARCH("uPVC",'01_MASTER_DATABASE'!B10))),"Xuất sắc (Uf <= 1.6)","Trung bình (Không cầu)") | E13: =IF(OR(ISNUMBER(SEARCH("Thermal",'01_MASTER_DATABASE'!B10)),ISNUMBER(SEARCH("cầu",'01_MASTER_DATABASE'!B10)),ISNUMBER(SEARCH("uPVC",'01_MASTER_DATABASE'!B10))),"Class 4 (Đến 2000 Pa)","Class 3 (Đến 1500 Pa)") | F13: =IF(OR(ISNUMBER(SEARCH("Thermal",'01_MASTER_DATABASE'!B10)),ISNUMBER(SEARCH("cầu",'01_MASTER_DATABASE'!B10)),ISNUMBER(SEARCH("uPVC",'01_MASTER_DATABASE'!B10))),"Tuyệt đối (Class 9A)","Tốt (Class 7A)") | G13: =IF(OR(ISNUMBER(SEARCH("Thermal",'01_MASTER_DATABASE'!B10)),ISNUMBER(SEARCH("cầu",'01_MASTER_DATABASE'!B10)),ISNUMBER(SEARCH("uPVC",'01_MASTER_DATABASE'!B10))),"Tuyệt đối (Class 4)","Tốt (Class 3)")
A14: ='01_MASTER_DATABASE'!C11 | B14: ='01_MASTER_DATABASE'!D11 | C14: =IF(OR(ISNUMBER(SEARCH("Thermal",'01_MASTER_DATABASE'!B11)),ISNUMBER(SEARCH("cầu",'01_MASTER_DATABASE'!B11)),ISNUMBER(SEARCH("uPVC",'01_MASTER_DATABASE'!B11))),"Xuất sắc (>=40dB)","Tốt (>=30dB)") | D14: =IF(OR(ISNUMBER(SEARCH("Thermal",'01_MASTER_DATABASE'!B11)),ISNUMBER(SEARCH("cầu",'01_MASTER_DATABASE'!B11)),ISNUMBER(SEARCH("uPVC",'01_MASTER_DATABASE'!B11))),"Xuất sắc (Uf <= 1.6)","Trung bình (Không cầu)") | E14: =IF(OR(ISNUMBER(SEARCH("Thermal",'01_MASTER_DATABASE'!B11)),ISNUMBER(SEARCH("cầu",'01_MASTER_DATABASE'!B11)),ISNUMBER(SEARCH("uPVC",'01_MASTER_DATABASE'!B11))),"Class 4 (Đến 2000 Pa)","Class 3 (Đến 1500 Pa)") | F14: =IF(OR(ISNUMBER(SEARCH("Thermal",'01_MASTER_DATABASE'!B11)),ISNUMBER(SEARCH("cầu",'01_MASTER_DATABASE'!B11)),ISNUMBER(SEARCH("uPVC",'01_MASTER_DATABASE'!B11))),"Tuyệt đối (Class 9A)","Tốt (Class 7A)") | G14: =IF(OR(ISNUMBER(SEARCH("Thermal",'01_MASTER_DATABASE'!B11)),ISNUMBER(SEARCH("cầu",'01_MASTER_DATABASE'!B11)),ISNUMBER(SEARCH("uPVC",'01_MASTER_DATABASE'!B11))),"Tuyệt đối (Class 4)","Tốt (Class 3)")
A15: ='01_MASTER_DATABASE'!C12 | B15: ='01_MASTER_DATABASE'!D12 | C15: =IF(OR(ISNUMBER(SEARCH("Thermal",'01_MASTER_DATABASE'!B12)),ISNUMBER(SEARCH("cầu",'01_MASTER_DATABASE'!B12)),ISNUMBER(SEARCH("uPVC",'01_MASTER_DATABASE'!B12))),"Xuất sắc (>=40dB)","Tốt (>=30dB)") | D15: =IF(OR(ISNUMBER(SEARCH("Thermal",'01_MASTER_DATABASE'!B12)),ISNUMBER(SEARCH("cầu",'01_MASTER_DATABASE'!B12)),ISNUMBER(SEARCH("uPVC",'01_MASTER_DATABASE'!B12))),"Xuất sắc (Uf <= 1.6)","Trung bình (Không cầu)") | E15: =IF(OR(ISNUMBER(SEARCH("Thermal",'01_MASTER_DATABASE'!B12)),ISNUMBER(SEARCH("cầu",'01_MASTER_DATABASE'!B12)),ISNUMBER(SEARCH("uPVC",'01_MASTER_DATABASE'!B12))),"Class 4 (Đến 2000 Pa)","Class 3 (Đến 1500 Pa)") | F15: =IF(OR(ISNUMBER(SEARCH("Thermal",'01_MASTER_DATABASE'!B12)),ISNUMBER(SEARCH("cầu",'01_MASTER_DATABASE'!B12)),ISNUMBER(SEARCH("uPVC",'01_MASTER_DATABASE'!B12))),"Tuyệt đối (Class 9A)","Tốt (Class 7A)") | G15: =IF(OR(ISNUMBER(SEARCH("Thermal",'01_MASTER_DATABASE'!B12)),ISNUMBER(SEARCH("cầu",'01_MASTER_DATABASE'!B12)),ISNUMBER(SEARCH("uPVC",'01_MASTER_DATABASE'!B12))),"Tuyệt đối (Class 4)","Tốt (Class 3)")
A16: ='01_MASTER_DATABASE'!C13 | B16: ='01_MASTER_DATABASE'!D13 | C16: =IF(OR(ISNUMBER(SEARCH("Thermal",'01_MASTER_DATABASE'!B13)),ISNUMBER(SEARCH("cầu",'01_MASTER_DATABASE'!B13)),ISNUMBER(SEARCH("uPVC",'01_MASTER_DATABASE'!B13))),"Xuất sắc (>=40dB)","Tốt (>=30dB)") | D16: =IF(OR(ISNUMBER(SEARCH("Thermal",'01_MASTER_DATABASE'!B13)),ISNUMBER(SEARCH("cầu",'01_MASTER_DATABASE'!B13)),ISNUMBER(SEARCH("uPVC",'01_MASTER_DATABASE'!B13))),"Xuất sắc (Uf <= 1.6)","Trung bình (Không cầu)") | E16: =IF(OR(ISNUMBER(SEARCH("Thermal",'01_MASTER_DATABASE'!B13)),ISNUMBER(SEARCH("cầu",'01_MASTER_DATABASE'!B13)),ISNUMBER(SEARCH("uPVC",'01_MASTER_DATABASE'!B13))),"Class 4 (Đến 2000 Pa)","Class 3 (Đến 1500 Pa)") | F16: =IF(OR(ISNUMBER(SEARCH("Thermal",'01_MASTER_DATABASE'!B13)),ISNUMBER(SEARCH("cầu",'01_MASTER_DATABASE'!B13)),ISNUMBER(SEARCH("uPVC",'01_MASTER_DATABASE'!B13))),"Tuyệt đối (Class 9A)","Tốt (Class 7A)") | G16: =IF(OR(ISNUMBER(SEARCH("Thermal",'01_MASTER_DATABASE'!B13)),ISNUMBER(SEARCH("cầu",'01_MASTER_DATABASE'!B13)),ISNUMBER(SEARCH("uPVC",'01_MASTER_DATABASE'!B13))),"Tuyệt đối (Class 4)","Tốt (Class 3)")
... A176: ='01_MASTER_DATABASE'!C173 | B176: ='01_MASTER_DATABASE'!D173 | C176: =IF(OR(ISNUMBER(SEARCH("Thermal",'01_MASTER_DATABASE'!B173)),ISNUMBER(SEARCH("cầu",'01_MASTER_DATABASE'!B173)),ISNUMBER(SEARCH("uPVC",'01_MASTER_DATABASE'!B173))),"Xuất sắc (>=40dB)","Tốt (>=30dB)") | D176: =IF(OR(ISNUMBER(SEARCH("Thermal",'01_MASTER_DATABASE'!B173)),ISNUMBER(SEARCH("cầu",'01_MASTER_DATABASE'!B173)),ISNUMBER(SEARCH("uPVC",'01_MASTER_DATABASE'!B173))),"Xuất sắc (Uf <= 1.6)","Trung bình (Không cầu)") | E176: =IF(OR(ISNUMBER(SEARCH("Thermal",'01_MASTER_DATABASE'!B173)),ISNUMBER(SEARCH("cầu",'01_MASTER_DATABASE'!B173)),ISNUMBER(SEARCH("uPVC",'01_MASTER_DATABASE'!B173))),"Class 4 (Đến 2000 Pa)","Class 3 (Đến 1500 Pa)") | F176: =IF(OR(ISNUMBER(SEARCH("Thermal",'01_MASTER_DATABASE'!B173)),ISNUMBER(SEARCH("cầu",'01_MASTER_DATABASE'!B173)),ISNUMBER(SEARCH("uPVC",'01_MASTER_DATABASE'!B173))),"Tuyệt đối (Class 9A)","Tốt (Class 7A)") | G176: =IF(OR(ISNUMBER(SEARCH("Thermal",'01_MASTER_DATABASE'!B173)),ISNUMBER(SEARCH("cầu",'01_MASTER_DATABASE'!B173)),ISNUMBER(SEARCH("uPVC",'01_MASTER_DATABASE'!B173))),"Tuyệt đối (Class 4)","Tốt (Class 3)")

Sheet 11_SO SÁNH PHỤ KIỆN
A1: MẪU RÃNH PROFILE VÀ PHỤ KIỆN TƯƠNG THÍCH
A4: Mã Hệ | B4: Hãng | C4: Chuẩn Rãnh Profile | D4: Thương Hiệu Phụ Kiện Tương Thích | E4: Loại Khóa Đề Xuất | F4: Tay Nắm | G4: Bản Lề Đi Kèm
A5: ='01_MASTER_DATABASE'!C2 | B5: ='01_MASTER_DATABASE'!D2 | C5: =IF(ISNUMBER(SEARCH("rãnh C",'01_MASTER_DATABASE'!I2)), "Rãnh C Tiêu Chuẩn Châu Âu", "Rãnh 22 Truyền Thống") | D5: ='01_MASTER_DATABASE'!Q2 | E5: =IF(ISNUMBER(SEARCH("toilet",'01_MASTER_DATABASE'!C2)), "Khóa đơn điểm", "Khóa đa điểm an toàn") | F5: Đồng bộ theo hãng phụ kiện | G5: =IF(ISNUMBER(SEARCH("bản lề ẩn",'01_MASTER_DATABASE'!Q2)), "Bản lề ẩn cao cấp", "Bản lề nổi tiêu chuẩn")
A6: ='01_MASTER_DATABASE'!C3 | B6: ='01_MASTER_DATABASE'!D3 | C6: =IF(ISNUMBER(SEARCH("rãnh C",'01_MASTER_DATABASE'!I3)), "Rãnh C Tiêu Chuẩn Châu Âu", "Rãnh 22 Truyền Thống") | D6: ='01_MASTER_DATABASE'!Q3 | E6: =IF(ISNUMBER(SEARCH("toilet",'01_MASTER_DATABASE'!C3)), "Khóa đơn điểm", "Khóa đa điểm an toàn") | F6: Đồng bộ theo hãng phụ kiện | G6: =IF(ISNUMBER(SEARCH("bản lề ẩn",'01_MASTER_DATABASE'!Q3)), "Bản lề ẩn cao cấp", "Bản lề nổi tiêu chuẩn")
A7: ='01_MASTER_DATABASE'!C4 | B7: ='01_MASTER_DATABASE'!D4 | C7: =IF(ISNUMBER(SEARCH("rãnh C",'01_MASTER_DATABASE'!I4)), "Rãnh C Tiêu Chuẩn Châu Âu", "Rãnh 22 Truyền Thống") | D7: ='01_MASTER_DATABASE'!Q4 | E7: =IF(ISNUMBER(SEARCH("toilet",'01_MASTER_DATABASE'!C4)), "Khóa đơn điểm", "Khóa đa điểm an toàn") | F7: Đồng bộ theo hãng phụ kiện | G7: =IF(ISNUMBER(SEARCH("bản lề ẩn",'01_MASTER_DATABASE'!Q4)), "Bản lề ẩn cao cấp", "Bản lề nổi tiêu chuẩn")
A8: ='01_MASTER_DATABASE'!C5 | B8: ='01_MASTER_DATABASE'!D5 | C8: =IF(ISNUMBER(SEARCH("rãnh C",'01_MASTER_DATABASE'!I5)), "Rãnh C Tiêu Chuẩn Châu Âu", "Rãnh 22 Truyền Thống") | D8: ='01_MASTER_DATABASE'!Q5 | E8: =IF(ISNUMBER(SEARCH("toilet",'01_MASTER_DATABASE'!C5)), "Khóa đơn điểm", "Khóa đa điểm an toàn") | F8: Đồng bộ theo hãng phụ kiện | G8: =IF(ISNUMBER(SEARCH("bản lề ẩn",'01_MASTER_DATABASE'!Q5)), "Bản lề ẩn cao cấp", "Bản lề nổi tiêu chuẩn")
A9: ='01_MASTER_DATABASE'!C6 | B9: ='01_MASTER_DATABASE'!D6 | C9: =IF(ISNUMBER(SEARCH("rãnh C",'01_MASTER_DATABASE'!I6)), "Rãnh C Tiêu Chuẩn Châu Âu", "Rãnh 22 Truyền Thống") | D9: ='01_MASTER_DATABASE'!Q6 | E9: =IF(ISNUMBER(SEARCH("toilet",'01_MASTER_DATABASE'!C6)), "Khóa đơn điểm", "Khóa đa điểm an toàn") | F9: Đồng bộ theo hãng phụ kiện | G9: =IF(ISNUMBER(SEARCH("bản lề ẩn",'01_MASTER_DATABASE'!Q6)), "Bản lề ẩn cao cấp", "Bản lề nổi tiêu chuẩn")
A10: ='01_MASTER_DATABASE'!C7 | B10: ='01_MASTER_DATABASE'!D7 | C10: =IF(ISNUMBER(SEARCH("rãnh C",'01_MASTER_DATABASE'!I7)), "Rãnh C Tiêu Chuẩn Châu Âu", "Rãnh 22 Truyền Thống") | D10: ='01_MASTER_DATABASE'!Q7 | E10: =IF(ISNUMBER(SEARCH("toilet",'01_MASTER_DATABASE'!C7)), "Khóa đơn điểm", "Khóa đa điểm an toàn") | F10: Đồng bộ theo hãng phụ kiện | G10: =IF(ISNUMBER(SEARCH("bản lề ẩn",'01_MASTER_DATABASE'!Q7)), "Bản lề ẩn cao cấp", "Bản lề nổi tiêu chuẩn")
A11: ='01_MASTER_DATABASE'!C8 | B11: ='01_MASTER_DATABASE'!D8 | C11: =IF(ISNUMBER(SEARCH("rãnh C",'01_MASTER_DATABASE'!I8)), "Rãnh C Tiêu Chuẩn Châu Âu", "Rãnh 22 Truyền Thống") | D11: ='01_MASTER_DATABASE'!Q8 | E11: =IF(ISNUMBER(SEARCH("toilet",'01_MASTER_DATABASE'!C8)), "Khóa đơn điểm", "Khóa đa điểm an toàn") | F11: Đồng bộ theo hãng phụ kiện | G11: =IF(ISNUMBER(SEARCH("bản lề ẩn",'01_MASTER_DATABASE'!Q8)), "Bản lề ẩn cao cấp", "Bản lề nổi tiêu chuẩn")
A12: ='01_MASTER_DATABASE'!C9 | B12: ='01_MASTER_DATABASE'!D9 | C12: =IF(ISNUMBER(SEARCH("rãnh C",'01_MASTER_DATABASE'!I9)), "Rãnh C Tiêu Chuẩn Châu Âu", "Rãnh 22 Truyền Thống") | D12: ='01_MASTER_DATABASE'!Q9 | E12: =IF(ISNUMBER(SEARCH("toilet",'01_MASTER_DATABASE'!C9)), "Khóa đơn điểm", "Khóa đa điểm an toàn") | F12: Đồng bộ theo hãng phụ kiện | G12: =IF(ISNUMBER(SEARCH("bản lề ẩn",'01_MASTER_DATABASE'!Q9)), "Bản lề ẩn cao cấp", "Bản lề nổi tiêu chuẩn")
A13: ='01_MASTER_DATABASE'!C10 | B13: ='01_MASTER_DATABASE'!D10 | C13: =IF(ISNUMBER(SEARCH("rãnh C",'01_MASTER_DATABASE'!I10)), "Rãnh C Tiêu Chuẩn Châu Âu", "Rãnh 22 Truyền Thống") | D13: ='01_MASTER_DATABASE'!Q10 | E13: =IF(ISNUMBER(SEARCH("toilet",'01_MASTER_DATABASE'!C10)), "Khóa đơn điểm", "Khóa đa điểm an toàn") | F13: Đồng bộ theo hãng phụ kiện | G13: =IF(ISNUMBER(SEARCH("bản lề ẩn",'01_MASTER_DATABASE'!Q10)), "Bản lề ẩn cao cấp", "Bản lề nổi tiêu chuẩn")
A14: ='01_MASTER_DATABASE'!C11 | B14: ='01_MASTER_DATABASE'!D11 | C14: =IF(ISNUMBER(SEARCH("rãnh C",'01_MASTER_DATABASE'!I11)), "Rãnh C Tiêu Chuẩn Châu Âu", "Rãnh 22 Truyền Thống") | D14: ='01_MASTER_DATABASE'!Q11 | E14: =IF(ISNUMBER(SEARCH("toilet",'01_MASTER_DATABASE'!C11)), "Khóa đơn điểm", "Khóa đa điểm an toàn") | F14: Đồng bộ theo hãng phụ kiện | G14: =IF(ISNUMBER(SEARCH("bản lề ẩn",'01_MASTER_DATABASE'!Q11)), "Bản lề ẩn cao cấp", "Bản lề nổi tiêu chuẩn")
A15: ='01_MASTER_DATABASE'!C12 | B15: ='01_MASTER_DATABASE'!D12 | C15: =IF(ISNUMBER(SEARCH("rãnh C",'01_MASTER_DATABASE'!I12)), "Rãnh C Tiêu Chuẩn Châu Âu", "Rãnh 22 Truyền Thống") | D15: ='01_MASTER_DATABASE'!Q12 | E15: =IF(ISNUMBER(SEARCH("toilet",'01_MASTER_DATABASE'!C12)), "Khóa đơn điểm", "Khóa đa điểm an toàn") | F15: Đồng bộ theo hãng phụ kiện | G15: =IF(ISNUMBER(SEARCH("bản lề ẩn",'01_MASTER_DATABASE'!Q12)), "Bản lề ẩn cao cấp", "Bản lề nổi tiêu chuẩn")
A16: ='01_MASTER_DATABASE'!C13 | B16: ='01_MASTER_DATABASE'!D13 | C16: =IF(ISNUMBER(SEARCH("rãnh C",'01_MASTER_DATABASE'!I13)), "Rãnh C Tiêu Chuẩn Châu Âu", "Rãnh 22 Truyền Thống") | D16: ='01_MASTER_DATABASE'!Q13 | E16: =IF(ISNUMBER(SEARCH("toilet",'01_MASTER_DATABASE'!C13)), "Khóa đơn điểm", "Khóa đa điểm an toàn") | F16: Đồng bộ theo hãng phụ kiện | G16: =IF(ISNUMBER(SEARCH("bản lề ẩn",'01_MASTER_DATABASE'!Q13)), "Bản lề ẩn cao cấp", "Bản lề nổi tiêu chuẩn")
... A176: ='01_MASTER_DATABASE'!C173 | B176: ='01_MASTER_DATABASE'!D173 | C176: =IF(ISNUMBER(SEARCH("rãnh C",'01_MASTER_DATABASE'!I173)), "Rãnh C Tiêu Chuẩn Châu Âu", "Rãnh 22 Truyền Thống") | D176: ='01_MASTER_DATABASE'!Q173 | E176: =IF(ISNUMBER(SEARCH("toilet",'01_MASTER_DATABASE'!C173)), "Khóa đơn điểm", "Khóa đa điểm an toàn") | F176: Đồng bộ theo hãng phụ kiện | G176: =IF(ISNUMBER(SEARCH("bản lề ẩn",'01_MASTER_DATABASE'!Q173)), "Bản lề ẩn cao cấp", "Bản lề nổi tiêu chuẩn")

Sheet 12_SO SÁNH GIOĂNG
A1: HỆ THỐNG VẬT TƯ GIOĂNG VÀ KEO ĐỒNG BỘ
A4: Mã Hệ | B4: Hãng | C4: Gioăng Cao Su EPDM | D4: Gioăng Nhựa Dẻo TPE | E4: Gioăng Lông (Ray Lùa) | F4: Keo Ép Góc / Silicon
A5: ='01_MASTER_DATABASE'!C2 | B5: ='01_MASTER_DATABASE'!D2 | C5: =IF(ISNUMBER(SEARCH("EPDM",'01_MASTER_DATABASE'!R2)), "✓", "✗") | D5: =IF(ISNUMBER(SEARCH("TPE",'01_MASTER_DATABASE'!R2)), "✓", "✗") | E5: =IF(ISNUMBER(SEARCH("nỉ",'01_MASTER_DATABASE'!R2)), "✓", "✗") | F5: ='01_MASTER_DATABASE'!R2
A6: ='01_MASTER_DATABASE'!C3 | B6: ='01_MASTER_DATABASE'!D3 | C6: =IF(ISNUMBER(SEARCH("EPDM",'01_MASTER_DATABASE'!R3)), "✓", "✗") | D6: =IF(ISNUMBER(SEARCH("TPE",'01_MASTER_DATABASE'!R3)), "✓", "✗") | E6: =IF(ISNUMBER(SEARCH("nỉ",'01_MASTER_DATABASE'!R3)), "✓", "✗") | F6: ='01_MASTER_DATABASE'!R3
A7: ='01_MASTER_DATABASE'!C4 | B7: ='01_MASTER_DATABASE'!D4 | C7: =IF(ISNUMBER(SEARCH("EPDM",'01_MASTER_DATABASE'!R4)), "✓", "✗") | D7: =IF(ISNUMBER(SEARCH("TPE",'01_MASTER_DATABASE'!R4)), "✓", "✗") | E7: =IF(ISNUMBER(SEARCH("nỉ",'01_MASTER_DATABASE'!R4)), "✓", "✗") | F7: ='01_MASTER_DATABASE'!R4
A8: ='01_MASTER_DATABASE'!C5 | B8: ='01_MASTER_DATABASE'!D5 | C8: =IF(ISNUMBER(SEARCH("EPDM",'01_MASTER_DATABASE'!R5)), "✓", "✗") | D8: =IF(ISNUMBER(SEARCH("TPE",'01_MASTER_DATABASE'!R5)), "✓", "✗") | E8: =IF(ISNUMBER(SEARCH("nỉ",'01_MASTER_DATABASE'!R5)), "✓", "✗") | F8: ='01_MASTER_DATABASE'!R5
A9: ='01_MASTER_DATABASE'!C6 | B9: ='01_MASTER_DATABASE'!D6 | C9: =IF(ISNUMBER(SEARCH("EPDM",'01_MASTER_DATABASE'!R6)), "✓", "✗") | D9: =IF(ISNUMBER(SEARCH("TPE",'01_MASTER_DATABASE'!R6)), "✓", "✗") | E9: =IF(ISNUMBER(SEARCH("nỉ",'01_MASTER_DATABASE'!R6)), "✓", "✗") | F9: ='01_MASTER_DATABASE'!R6
A10: ='01_MASTER_DATABASE'!C7 | B10: ='01_MASTER_DATABASE'!D7 | C10: =IF(ISNUMBER(SEARCH("EPDM",'01_MASTER_DATABASE'!R7)), "✓", "✗") | D10: =IF(ISNUMBER(SEARCH("TPE",'01_MASTER_DATABASE'!R7)), "✓", "✗") | E10: =IF(ISNUMBER(SEARCH("nỉ",'01_MASTER_DATABASE'!R7)), "✓", "✗") | F10: ='01_MASTER_DATABASE'!R7
A11: ='01_MASTER_DATABASE'!C8 | B11: ='01_MASTER_DATABASE'!D8 | C11: =IF(ISNUMBER(SEARCH("EPDM",'01_MASTER_DATABASE'!R8)), "✓", "✗") | D11: =IF(ISNUMBER(SEARCH("TPE",'01_MASTER_DATABASE'!R8)), "✓", "✗") | E11: =IF(ISNUMBER(SEARCH("nỉ",'01_MASTER_DATABASE'!R8)), "✓", "✗") | F11: ='01_MASTER_DATABASE'!R8
A12: ='01_MASTER_DATABASE'!C9 | B12: ='01_MASTER_DATABASE'!D9 | C12: =IF(ISNUMBER(SEARCH("EPDM",'01_MASTER_DATABASE'!R9)), "✓", "✗") | D12: =IF(ISNUMBER(SEARCH("TPE",'01_MASTER_DATABASE'!R9)), "✓", "✗") | E12: =IF(ISNUMBER(SEARCH("nỉ",'01_MASTER_DATABASE'!R9)), "✓", "✗") | F12: ='01_MASTER_DATABASE'!R9
A13: ='01_MASTER_DATABASE'!C10 | B13: ='01_MASTER_DATABASE'!D10 | C13: =IF(ISNUMBER(SEARCH("EPDM",'01_MASTER_DATABASE'!R10)), "✓", "✗") | D13: =IF(ISNUMBER(SEARCH("TPE",'01_MASTER_DATABASE'!R10)), "✓", "✗") | E13: =IF(ISNUMBER(SEARCH("nỉ",'01_MASTER_DATABASE'!R10)), "✓", "✗") | F13: ='01_MASTER_DATABASE'!R10
A14: ='01_MASTER_DATABASE'!C11 | B14: ='01_MASTER_DATABASE'!D11 | C14: =IF(ISNUMBER(SEARCH("EPDM",'01_MASTER_DATABASE'!R11)), "✓", "✗") | D14: =IF(ISNUMBER(SEARCH("TPE",'01_MASTER_DATABASE'!R11)), "✓", "✗") | E14: =IF(ISNUMBER(SEARCH("nỉ",'01_MASTER_DATABASE'!R11)), "✓", "✗") | F14: ='01_MASTER_DATABASE'!R11
A15: ='01_MASTER_DATABASE'!C12 | B15: ='01_MASTER_DATABASE'!D12 | C15: =IF(ISNUMBER(SEARCH("EPDM",'01_MASTER_DATABASE'!R12)), "✓", "✗") | D15: =IF(ISNUMBER(SEARCH("TPE",'01_MASTER_DATABASE'!R12)), "✓", "✗") | E15: =IF(ISNUMBER(SEARCH("nỉ",'01_MASTER_DATABASE'!R12)), "✓", "✗") | F15: ='01_MASTER_DATABASE'!R12
A16: ='01_MASTER_DATABASE'!C13 | B16: ='01_MASTER_DATABASE'!D13 | C16: =IF(ISNUMBER(SEARCH("EPDM",'01_MASTER_DATABASE'!R13)), "✓", "✗") | D16: =IF(ISNUMBER(SEARCH("TPE",'01_MASTER_DATABASE'!R13)), "✓", "✗") | E16: =IF(ISNUMBER(SEARCH("nỉ",'01_MASTER_DATABASE'!R13)), "✓", "✗") | F16: ='01_MASTER_DATABASE'!R13
... A176: ='01_MASTER_DATABASE'!C173 | B176: ='01_MASTER_DATABASE'!D173 | C176: =IF(ISNUMBER(SEARCH("EPDM",'01_MASTER_DATABASE'!R173)), "✓", "✗") | D176: =IF(ISNUMBER(SEARCH("TPE",'01_MASTER_DATABASE'!R173)), "✓", "✗") | E176: =IF(ISNUMBER(SEARCH("nỉ",'01_MASTER_DATABASE'!R173)), "✓", "✗") | F176: ='01_MASTER_DATABASE'!R173

Sheet 13_SO SÁNH BỀ MẶT
A1: CÔNG NGHỆ XỬ LÝ BỀ MẶT VÀ HOÀN THIỆN
A4: Mã Hệ | B4: Hãng | C4: Sơn Tĩnh Điện | D4: Mạ Điện Di Anodize ED | E4: Phủ Hạt Mịn (PVDF) | F4: Sơn Chống Vân Tay (MED)
A5: ='01_MASTER_DATABASE'!C2 | B5: ='01_MASTER_DATABASE'!D2 | C5: =IF(ISNUMBER(SEARCH("Sơn",'01_MASTER_DATABASE'!S2)), "✓", "✗") | D5: =IF(ISNUMBER(SEARCH("Anodize",'01_MASTER_DATABASE'!S2)), "✓", "✗") | E5: =IF(ISNUMBER(SEARCH("PVDF",'01_MASTER_DATABASE'!S2)), "✓", "✗") | F5: =IF(ISNUMBER(SEARCH("MED",'01_MASTER_DATABASE'!S2)), "✓", "✗")
A6: ='01_MASTER_DATABASE'!C3 | B6: ='01_MASTER_DATABASE'!D3 | C6: =IF(ISNUMBER(SEARCH("Sơn",'01_MASTER_DATABASE'!S3)), "✓", "✗") | D6: =IF(ISNUMBER(SEARCH("Anodize",'01_MASTER_DATABASE'!S3)), "✓", "✗") | E6: =IF(ISNUMBER(SEARCH("PVDF",'01_MASTER_DATABASE'!S3)), "✓", "✗") | F6: =IF(ISNUMBER(SEARCH("MED",'01_MASTER_DATABASE'!S3)), "✓", "✗")
A7: ='01_MASTER_DATABASE'!C4 | B7: ='01_MASTER_DATABASE'!D4 | C7: =IF(ISNUMBER(SEARCH("Sơn",'01_MASTER_DATABASE'!S4)), "✓", "✗") | D7: =IF(ISNUMBER(SEARCH("Anodize",'01_MASTER_DATABASE'!S4)), "✓", "✗") | E7: =IF(ISNUMBER(SEARCH("PVDF",'01_MASTER_DATABASE'!S4)), "✓", "✗") | F7: =IF(ISNUMBER(SEARCH("MED",'01_MASTER_DATABASE'!S4)), "✓", "✗")
A8: ='01_MASTER_DATABASE'!C5 | B8: ='01_MASTER_DATABASE'!D5 | C8: =IF(ISNUMBER(SEARCH("Sơn",'01_MASTER_DATABASE'!S5)), "✓", "✗") | D8: =IF(ISNUMBER(SEARCH("Anodize",'01_MASTER_DATABASE'!S5)), "✓", "✗") | E8: =IF(ISNUMBER(SEARCH("PVDF",'01_MASTER_DATABASE'!S5)), "✓", "✗") | F8: =IF(ISNUMBER(SEARCH("MED",'01_MASTER_DATABASE'!S5)), "✓", "✗")
A9: ='01_MASTER_DATABASE'!C6 | B9: ='01_MASTER_DATABASE'!D6 | C9: =IF(ISNUMBER(SEARCH("Sơn",'01_MASTER_DATABASE'!S6)), "✓", "✗") | D9: =IF(ISNUMBER(SEARCH("Anodize",'01_MASTER_DATABASE'!S6)), "✓", "✗") | E9: =IF(ISNUMBER(SEARCH("PVDF",'01_MASTER_DATABASE'!S6)), "✓", "✗") | F9: =IF(ISNUMBER(SEARCH("MED",'01_MASTER_DATABASE'!S6)), "✓", "✗")
A10: ='01_MASTER_DATABASE'!C7 | B10: ='01_MASTER_DATABASE'!D7 | C10: =IF(ISNUMBER(SEARCH("Sơn",'01_MASTER_DATABASE'!S7)), "✓", "✗") | D10: =IF(ISNUMBER(SEARCH("Anodize",'01_MASTER_DATABASE'!S7)), "✓", "✗") | E10: =IF(ISNUMBER(SEARCH("PVDF",'01_MASTER_DATABASE'!S7)), "✓", "✗") | F10: =IF(ISNUMBER(SEARCH("MED",'01_MASTER_DATABASE'!S7)), "✓", "✗")
A11: ='01_MASTER_DATABASE'!C8 | B11: ='01_MASTER_DATABASE'!D8 | C11: =IF(ISNUMBER(SEARCH("Sơn",'01_MASTER_DATABASE'!S8)), "✓", "✗") | D11: =IF(ISNUMBER(SEARCH("Anodize",'01_MASTER_DATABASE'!S8)), "✓", "✗") | E11: =IF(ISNUMBER(SEARCH("PVDF",'01_MASTER_DATABASE'!S8)), "✓", "✗") | F11: =IF(ISNUMBER(SEARCH("MED",'01_MASTER_DATABASE'!S8)), "✓", "✗")
A12: ='01_MASTER_DATABASE'!C9 | B12: ='01_MASTER_DATABASE'!D9 | C12: =IF(ISNUMBER(SEARCH("Sơn",'01_MASTER_DATABASE'!S9)), "✓", "✗") | D12: =IF(ISNUMBER(SEARCH("Anodize",'01_MASTER_DATABASE'!S9)), "✓", "✗") | E12: =IF(ISNUMBER(SEARCH("PVDF",'01_MASTER_DATABASE'!S9)), "✓", "✗") | F12: =IF(ISNUMBER(SEARCH("MED",'01_MASTER_DATABASE'!S9)), "✓", "✗")
A13: ='01_MASTER_DATABASE'!C10 | B13: ='01_MASTER_DATABASE'!D10 | C13: =IF(ISNUMBER(SEARCH("Sơn",'01_MASTER_DATABASE'!S10)), "✓", "✗") | D13: =IF(ISNUMBER(SEARCH("Anodize",'01_MASTER_DATABASE'!S10)), "✓", "✗") | E13: =IF(ISNUMBER(SEARCH("PVDF",'01_MASTER_DATABASE'!S10)), "✓", "✗") | F13: =IF(ISNUMBER(SEARCH("MED",'01_MASTER_DATABASE'!S10)), "✓", "✗")
A14: ='01_MASTER_DATABASE'!C11 | B14: ='01_MASTER_DATABASE'!D11 | C14: =IF(ISNUMBER(SEARCH("Sơn",'01_MASTER_DATABASE'!S11)), "✓", "✗") | D14: =IF(ISNUMBER(SEARCH("Anodize",'01_MASTER_DATABASE'!S11)), "✓", "✗") | E14: =IF(ISNUMBER(SEARCH("PVDF",'01_MASTER_DATABASE'!S11)), "✓", "✗") | F14: =IF(ISNUMBER(SEARCH("MED",'01_MASTER_DATABASE'!S11)), "✓", "✗")
A15: ='01_MASTER_DATABASE'!C12 | B15: ='01_MASTER_DATABASE'!D12 | C15: =IF(ISNUMBER(SEARCH("Sơn",'01_MASTER_DATABASE'!S12)), "✓", "✗") | D15: =IF(ISNUMBER(SEARCH("Anodize",'01_MASTER_DATABASE'!S12)), "✓", "✗") | E15: =IF(ISNUMBER(SEARCH("PVDF",'01_MASTER_DATABASE'!S12)), "✓", "✗") | F15: =IF(ISNUMBER(SEARCH("MED",'01_MASTER_DATABASE'!S12)), "✓", "✗")
A16: ='01_MASTER_DATABASE'!C13 | B16: ='01_MASTER_DATABASE'!D13 | C16: =IF(ISNUMBER(SEARCH("Sơn",'01_MASTER_DATABASE'!S13)), "✓", "✗") | D16: =IF(ISNUMBER(SEARCH("Anodize",'01_MASTER_DATABASE'!S13)), "✓", "✗") | E16: =IF(ISNUMBER(SEARCH("PVDF",'01_MASTER_DATABASE'!S13)), "✓", "✗") | F16: =IF(ISNUMBER(SEARCH("MED",'01_MASTER_DATABASE'!S13)), "✓", "✗")
... A176: ='01_MASTER_DATABASE'!C173 | B176: ='01_MASTER_DATABASE'!D173 | C176: =IF(ISNUMBER(SEARCH("Sơn",'01_MASTER_DATABASE'!S173)), "✓", "✗") | D176: =IF(ISNUMBER(SEARCH("Anodize",'01_MASTER_DATABASE'!S173)), "✓", "✗") | E176: =IF(ISNUMBER(SEARCH("PVDF",'01_MASTER_DATABASE'!S173)), "✓", "✗") | F176: =IF(ISNUMBER(SEARCH("MED",'01_MASTER_DATABASE'!S173)), "✓", "✗")

Sheet 14_SO SÁNH ỨNG DỤNG
A1: MỨC ĐỘ THÍCH HỢP CHO TỪNG LOẠI CÔNG TRÌNH XÂY DỰNG
A4: Mã Hệ | B4: Hãng | C4: Nhà Phố Dân Dụng | D4: Biệt Thự / Villa | E4: Resort / Nghỉ Dưỡng | F4: Chung Cư Cao Tầng | G4: Văn Phòng / Showroom
A5: ='01_MASTER_DATABASE'!C2 | B5: ='01_MASTER_DATABASE'!D2 | C5: =IF(ISNUMBER(SEARCH("nhà phố",'01_MASTER_DATABASE'!K2)), "Tối Ưu", "Có Thể Dùng") | D5: =IF(ISNUMBER(SEARCH("biệt thự",'01_MASTER_DATABASE'!K2)), "Tối Ưu", "Có Thể Dùng") | E5: =IF(ISNUMBER(SEARCH("nghỉ dưỡng",'01_MASTER_DATABASE'!K2)), "Tối Ưu", "Có Thể Dùng") | F5: =IF(ISNUMBER(SEARCH("chung cư",'01_MASTER_DATABASE'!K2)), "Tối Ưu", "Có Thể Dùng") | G5: =IF(ISNUMBER(SEARCH("văn phòng",'01_MASTER_DATABASE'!K2)), "Tối Ưu", "Có Thể Dùng")
A6: ='01_MASTER_DATABASE'!C3 | B6: ='01_MASTER_DATABASE'!D3 | C6: =IF(ISNUMBER(SEARCH("nhà phố",'01_MASTER_DATABASE'!K3)), "Tối Ưu", "Có Thể Dùng") | D6: =IF(ISNUMBER(SEARCH("biệt thự",'01_MASTER_DATABASE'!K3)), "Tối Ưu", "Có Thể Dùng") | E6: =IF(ISNUMBER(SEARCH("nghỉ dưỡng",'01_MASTER_DATABASE'!K3)), "Tối Ưu", "Có Thể Dùng") | F6: =IF(ISNUMBER(SEARCH("chung cư",'01_MASTER_DATABASE'!K3)), "Tối Ưu", "Có Thể Dùng") | G6: =IF(ISNUMBER(SEARCH("văn phòng",'01_MASTER_DATABASE'!K3)), "Tối Ưu", "Có Thể Dùng")
A7: ='01_MASTER_DATABASE'!C4 | B7: ='01_MASTER_DATABASE'!D4 | C7: =IF(ISNUMBER(SEARCH("nhà phố",'01_MASTER_DATABASE'!K4)), "Tối Ưu", "Có Thể Dùng") | D7: =IF(ISNUMBER(SEARCH("biệt thự",'01_MASTER_DATABASE'!K4)), "Tối Ưu", "Có Thể Dùng") | E7: =IF(ISNUMBER(SEARCH("nghỉ dưỡng",'01_MASTER_DATABASE'!K4)), "Tối Ưu", "Có Thể Dùng") | F7: =IF(ISNUMBER(SEARCH("chung cư",'01_MASTER_DATABASE'!K4)), "Tối Ưu", "Có Thể Dùng") | G7: =IF(ISNUMBER(SEARCH("văn phòng",'01_MASTER_DATABASE'!K4)), "Tối Ưu", "Có Thể Dùng")
A8: ='01_MASTER_DATABASE'!C5 | B8: ='01_MASTER_DATABASE'!D5 | C8: =IF(ISNUMBER(SEARCH("nhà phố",'01_MASTER_DATABASE'!K5)), "Tối Ưu", "Có Thể Dùng") | D8: =IF(ISNUMBER(SEARCH("biệt thự",'01_MASTER_DATABASE'!K5)), "Tối Ưu", "Có Thể Dùng") | E8: =IF(ISNUMBER(SEARCH("nghỉ dưỡng",'01_MASTER_DATABASE'!K5)), "Tối Ưu", "Có Thể Dùng") | F8: =IF(ISNUMBER(SEARCH("chung cư",'01_MASTER_DATABASE'!K5)), "Tối Ưu", "Có Thể Dùng") | G8: =IF(ISNUMBER(SEARCH("văn phòng",'01_MASTER_DATABASE'!K5)), "Tối Ưu", "Có Thể Dùng")
A9: ='01_MASTER_DATABASE'!C6 | B9: ='01_MASTER_DATABASE'!D6 | C9: =IF(ISNUMBER(SEARCH("nhà phố",'01_MASTER_DATABASE'!K6)), "Tối Ưu", "Có Thể Dùng") | D9: =IF(ISNUMBER(SEARCH("biệt thự",'01_MASTER_DATABASE'!K6)), "Tối Ưu", "Có Thể Dùng") | E9: =IF(ISNUMBER(SEARCH("nghỉ dưỡng",'01_MASTER_DATABASE'!K6)), "Tối Ưu", "Có Thể Dùng") | F9: =IF(ISNUMBER(SEARCH("chung cư",'01_MASTER_DATABASE'!K6)), "Tối Ưu", "Có Thể Dùng") | G9: =IF(ISNUMBER(SEARCH("văn phòng",'01_MASTER_DATABASE'!K6)), "Tối Ưu", "Có Thể Dùng")
A10: ='01_MASTER_DATABASE'!C7 | B10: ='01_MASTER_DATABASE'!D7 | C10: =IF(ISNUMBER(SEARCH("nhà phố",'01_MASTER_DATABASE'!K7)), "Tối Ưu", "Có Thể Dùng") | D10: =IF(ISNUMBER(SEARCH("biệt thự",'01_MASTER_DATABASE'!K7)), "Tối Ưu", "Có Thể Dùng") | E10: =IF(ISNUMBER(SEARCH("nghỉ dưỡng",'01_MASTER_DATABASE'!K7)), "Tối Ưu", "Có Thể Dùng") | F10: =IF(ISNUMBER(SEARCH("chung cư",'01_MASTER_DATABASE'!K7)), "Tối Ưu", "Có Thể Dùng") | G10: =IF(ISNUMBER(SEARCH("văn phòng",'01_MASTER_DATABASE'!K7)), "Tối Ưu", "Có Thể Dùng")
A11: ='01_MASTER_DATABASE'!C8 | B11: ='01_MASTER_DATABASE'!D8 | C11: =IF(ISNUMBER(SEARCH("nhà phố",'01_MASTER_DATABASE'!K8)), "Tối Ưu", "Có Thể Dùng") | D11: =IF(ISNUMBER(SEARCH("biệt thự",'01_MASTER_DATABASE'!K8)), "Tối Ưu", "Có Thể Dùng") | E11: =IF(ISNUMBER(SEARCH("nghỉ dưỡng",'01_MASTER_DATABASE'!K8)), "Tối Ưu", "Có Thể Dùng") | F11: =IF(ISNUMBER(SEARCH("chung cư",'01_MASTER_DATABASE'!K8)), "Tối Ưu", "Có Thể Dùng") | G11: =IF(ISNUMBER(SEARCH("văn phòng",'01_MASTER_DATABASE'!K8)), "Tối Ưu", "Có Thể Dùng")
A12: ='01_MASTER_DATABASE'!C9 | B12: ='01_MASTER_DATABASE'!D9 | C12: =IF(ISNUMBER(SEARCH("nhà phố",'01_MASTER_DATABASE'!K9)), "Tối Ưu", "Có Thể Dùng") | D12: =IF(ISNUMBER(SEARCH("biệt thự",'01_MASTER_DATABASE'!K9)), "Tối Ưu", "Có Thể Dùng") | E12: =IF(ISNUMBER(SEARCH("nghỉ dưỡng",'01_MASTER_DATABASE'!K9)), "Tối Ưu", "Có Thể Dùng") | F12: =IF(ISNUMBER(SEARCH("chung cư",'01_MASTER_DATABASE'!K9)), "Tối Ưu", "Có Thể Dùng") | G12: =IF(ISNUMBER(SEARCH("văn phòng",'01_MASTER_DATABASE'!K9)), "Tối Ưu", "Có Thể Dùng")
A13: ='01_MASTER_DATABASE'!C10 | B13: ='01_MASTER_DATABASE'!D10 | C13: =IF(ISNUMBER(SEARCH("nhà phố",'01_MASTER_DATABASE'!K10)), "Tối Ưu", "Có Thể Dùng") | D13: =IF(ISNUMBER(SEARCH("biệt thự",'01_MASTER_DATABASE'!K10)), "Tối Ưu", "Có Thể Dùng") | E13: =IF(ISNUMBER(SEARCH("nghỉ dưỡng",'01_MASTER_DATABASE'!K10)), "Tối Ưu", "Có Thể Dùng") | F13: =IF(ISNUMBER(SEARCH("chung cư",'01_MASTER_DATABASE'!K10)), "Tối Ưu", "Có Thể Dùng") | G13: =IF(ISNUMBER(SEARCH("văn phòng",'01_MASTER_DATABASE'!K10)), "Tối Ưu", "Có Thể Dùng")
A14: ='01_MASTER_DATABASE'!C11 | B14: ='01_MASTER_DATABASE'!D11 | C14: =IF(ISNUMBER(SEARCH("nhà phố",'01_MASTER_DATABASE'!K11)), "Tối Ưu", "Có Thể Dùng") | D14: =IF(ISNUMBER(SEARCH("biệt thự",'01_MASTER_DATABASE'!K11)), "Tối Ưu", "Có Thể Dùng") | E14: =IF(ISNUMBER(SEARCH("nghỉ dưỡng",'01_MASTER_DATABASE'!K11)), "Tối Ưu", "Có Thể Dùng") | F14: =IF(ISNUMBER(SEARCH("chung cư",'01_MASTER_DATABASE'!K11)), "Tối Ưu", "Có Thể Dùng") | G14: =IF(ISNUMBER(SEARCH("văn phòng",'01_MASTER_DATABASE'!K11)), "Tối Ưu", "Có Thể Dùng")
A15: ='01_MASTER_DATABASE'!C12 | B15: ='01_MASTER_DATABASE'!D12 | C15: =IF(ISNUMBER(SEARCH("nhà phố",'01_MASTER_DATABASE'!K12)), "Tối Ưu", "Có Thể Dùng") | D15: =IF(ISNUMBER(SEARCH("biệt thự",'01_MASTER_DATABASE'!K12)), "Tối Ưu", "Có Thể Dùng") | E15: =IF(ISNUMBER(SEARCH("nghỉ dưỡng",'01_MASTER_DATABASE'!K12)), "Tối Ưu", "Có Thể Dùng") | F15: =IF(ISNUMBER(SEARCH("chung cư",'01_MASTER_DATABASE'!K12)), "Tối Ưu", "Có Thể Dùng") | G15: =IF(ISNUMBER(SEARCH("văn phòng",'01_MASTER_DATABASE'!K12)), "Tối Ưu", "Có Thể Dùng")
A16: ='01_MASTER_DATABASE'!C13 | B16: ='01_MASTER_DATABASE'!D13 | C16: =IF(ISNUMBER(SEARCH("nhà phố",'01_MASTER_DATABASE'!K13)), "Tối Ưu", "Có Thể Dùng") | D16: =IF(ISNUMBER(SEARCH("biệt thự",'01_MASTER_DATABASE'!K13)), "Tối Ưu", "Có Thể Dùng") | E16: =IF(ISNUMBER(SEARCH("nghỉ dưỡng",'01_MASTER_DATABASE'!K13)), "Tối Ưu", "Có Thể Dùng") | F16: =IF(ISNUMBER(SEARCH("chung cư",'01_MASTER_DATABASE'!K13)), "Tối Ưu", "Có Thể Dùng") | G16: =IF(ISNUMBER(SEARCH("văn phòng",'01_MASTER_DATABASE'!K13)), "Tối Ưu", "Có Thể Dùng")
... A176: ='01_MASTER_DATABASE'!C173 | B176: ='01_MASTER_DATABASE'!D173 | C176: =IF(ISNUMBER(SEARCH("nhà phố",'01_MASTER_DATABASE'!K173)), "Tối Ưu", "Có Thể Dùng") | D176: =IF(ISNUMBER(SEARCH("biệt thự",'01_MASTER_DATABASE'!K173)), "Tối Ưu", "Có Thể Dùng") | E176: =IF(ISNUMBER(SEARCH("nghỉ dưỡng",'01_MASTER_DATABASE'!K173)), "Tối Ưu", "Có Thể Dùng") | F176: =IF(ISNUMBER(SEARCH("chung cư",'01_MASTER_DATABASE'!K173)), "Tối Ưu", "Có Thể Dùng") | G176: =IF(ISNUMBER(SEARCH("văn phòng",'01_MASTER_DATABASE'!K173)), "Tối Ưu", "Có Thể Dùng")

Sheet 15_SO SÁNH GIÁ
A1: SO SÁNH PHÂN KHÚC VÀ ĐƠN GIÁ THÀNH PHẨM ƯỚC TÍNH
A4: Mã Hệ | B4: Hãng | C4: Phân Khúc Định Vị | D4: Giá Vật Tư Ước Lượng (đ/kg) | E4: Giá Cửa Thành Phẩm Dự Kiến (đ/m²)
A5: ='01_MASTER_DATABASE'!C2 | B5: ='01_MASTER_DATABASE'!D2 | C5: ='01_MASTER_DATABASE'!B2 | D5: =IF(OR(ISNUMBER(SEARCH("Luxury",'01_MASTER_DATABASE'!B2)),ISNUMBER(SEARCH("Cầu",'01_MASTER_DATABASE'!B2))),"Cao (>= 120k/kg)",IF(ISNUMBER(SEARCH("Tầm trung",'01_MASTER_DATABASE'!B2)),"Trung bình (85k - 100k/kg)","Kinh tế (<= 85k/kg)")) | E5: =IF(OR(ISNUMBER(SEARCH("Luxury",'01_MASTER_DATABASE'!B2)),ISNUMBER(SEARCH("Cầu",'01_MASTER_DATABASE'!B2))),">= 5,000,000",IF(ISNUMBER(SEARCH("Tầm trung",'01_MASTER_DATABASE'!B2)),"2,500,000 - 4,000,000","1,500,000 - 2,200,000"))
A6: ='01_MASTER_DATABASE'!C3 | B6: ='01_MASTER_DATABASE'!D3 | C6: ='01_MASTER_DATABASE'!B3 | D6: =IF(OR(ISNUMBER(SEARCH("Luxury",'01_MASTER_DATABASE'!B3)),ISNUMBER(SEARCH("Cầu",'01_MASTER_DATABASE'!B3))),"Cao (>= 120k/kg)",IF(ISNUMBER(SEARCH("Tầm trung",'01_MASTER_DATABASE'!B3)),"Trung bình (85k - 100k/kg)","Kinh tế (<= 85k/kg)")) | E6: =IF(OR(ISNUMBER(SEARCH("Luxury",'01_MASTER_DATABASE'!B3)),ISNUMBER(SEARCH("Cầu",'01_MASTER_DATABASE'!B3))),">= 5,000,000",IF(ISNUMBER(SEARCH("Tầm trung",'01_MASTER_DATABASE'!B3)),"2,500,000 - 4,000,000","1,500,000 - 2,200,000"))
A7: ='01_MASTER_DATABASE'!C4 | B7: ='01_MASTER_DATABASE'!D4 | C7: ='01_MASTER_DATABASE'!B4 | D7: =IF(OR(ISNUMBER(SEARCH("Luxury",'01_MASTER_DATABASE'!B4)),ISNUMBER(SEARCH("Cầu",'01_MASTER_DATABASE'!B4))),"Cao (>= 120k/kg)",IF(ISNUMBER(SEARCH("Tầm trung",'01_MASTER_DATABASE'!B4)),"Trung bình (85k - 100k/kg)","Kinh tế (<= 85k/kg)")) | E7: =IF(OR(ISNUMBER(SEARCH("Luxury",'01_MASTER_DATABASE'!B4)),ISNUMBER(SEARCH("Cầu",'01_MASTER_DATABASE'!B4))),">= 5,000,000",IF(ISNUMBER(SEARCH("Tầm trung",'01_MASTER_DATABASE'!B4)),"2,500,000 - 4,000,000","1,500,000 - 2,200,000"))
A8: ='01_MASTER_DATABASE'!C5 | B8: ='01_MASTER_DATABASE'!D5 | C8: ='01_MASTER_DATABASE'!B5 | D8: =IF(OR(ISNUMBER(SEARCH("Luxury",'01_MASTER_DATABASE'!B5)),ISNUMBER(SEARCH("Cầu",'01_MASTER_DATABASE'!B5))),"Cao (>= 120k/kg)",IF(ISNUMBER(SEARCH("Tầm trung",'01_MASTER_DATABASE'!B5)),"Trung bình (85k - 100k/kg)","Kinh tế (<= 85k/kg)")) | E8: =IF(OR(ISNUMBER(SEARCH("Luxury",'01_MASTER_DATABASE'!B5)),ISNUMBER(SEARCH("Cầu",'01_MASTER_DATABASE'!B5))),">= 5,000,000",IF(ISNUMBER(SEARCH("Tầm trung",'01_MASTER_DATABASE'!B5)),"2,500,000 - 4,000,000","1,500,000 - 2,200,000"))
A9: ='01_MASTER_DATABASE'!C6 | B9: ='01_MASTER_DATABASE'!D6 | C9: ='01_MASTER_DATABASE'!B6 | D9: =IF(OR(ISNUMBER(SEARCH("Luxury",'01_MASTER_DATABASE'!B6)),ISNUMBER(SEARCH("Cầu",'01_MASTER_DATABASE'!B6))),"Cao (>= 120k/kg)",IF(ISNUMBER(SEARCH("Tầm trung",'01_MASTER_DATABASE'!B6)),"Trung bình (85k - 100k/kg)","Kinh tế (<= 85k/kg)")) | E9: =IF(OR(ISNUMBER(SEARCH("Luxury",'01_MASTER_DATABASE'!B6)),ISNUMBER(SEARCH("Cầu",'01_MASTER_DATABASE'!B6))),">= 5,000,000",IF(ISNUMBER(SEARCH("Tầm trung",'01_MASTER_DATABASE'!B6)),"2,500,000 - 4,000,000","1,500,000 - 2,200,000"))
A10: ='01_MASTER_DATABASE'!C7 | B10: ='01_MASTER_DATABASE'!D7 | C10: ='01_MASTER_DATABASE'!B7 | D10: =IF(OR(ISNUMBER(SEARCH("Luxury",'01_MASTER_DATABASE'!B7)),ISNUMBER(SEARCH("Cầu",'01_MASTER_DATABASE'!B7))),"Cao (>= 120k/kg)",IF(ISNUMBER(SEARCH("Tầm trung",'01_MASTER_DATABASE'!B7)),"Trung bình (85k - 100k/kg)","Kinh tế (<= 85k/kg)")) | E10: =IF(OR(ISNUMBER(SEARCH("Luxury",'01_MASTER_DATABASE'!B7)),ISNUMBER(SEARCH("Cầu",'01_MASTER_DATABASE'!B7))),">= 5,000,000",IF(ISNUMBER(SEARCH("Tầm trung",'01_MASTER_DATABASE'!B7)),"2,500,000 - 4,000,000","1,500,000 - 2,200,000"))
A11: ='01_MASTER_DATABASE'!C8 | B11: ='01_MASTER_DATABASE'!D8 | C11: ='01_MASTER_DATABASE'!B8 | D11: =IF(OR(ISNUMBER(SEARCH("Luxury",'01_MASTER_DATABASE'!B8)),ISNUMBER(SEARCH("Cầu",'01_MASTER_DATABASE'!B8))),"Cao (>= 120k/kg)",IF(ISNUMBER(SEARCH("Tầm trung",'01_MASTER_DATABASE'!B8)),"Trung bình (85k - 100k/kg)","Kinh tế (<= 85k/kg)")) | E11: =IF(OR(ISNUMBER(SEARCH("Luxury",'01_MASTER_DATABASE'!B8)),ISNUMBER(SEARCH("Cầu",'01_MASTER_DATABASE'!B8))),">= 5,000,000",IF(ISNUMBER(SEARCH("Tầm trung",'01_MASTER_DATABASE'!B8)),"2,500,000 - 4,000,000","1,500,000 - 2,200,000"))
A12: ='01_MASTER_DATABASE'!C9 | B12: ='01_MASTER_DATABASE'!D9 | C12: ='01_MASTER_DATABASE'!B9 | D12: =IF(OR(ISNUMBER(SEARCH("Luxury",'01_MASTER_DATABASE'!B9)),ISNUMBER(SEARCH("Cầu",'01_MASTER_DATABASE'!B9))),"Cao (>= 120k/kg)",IF(ISNUMBER(SEARCH("Tầm trung",'01_MASTER_DATABASE'!B9)),"Trung bình (85k - 100k/kg)","Kinh tế (<= 85k/kg)")) | E12: =IF(OR(ISNUMBER(SEARCH("Luxury",'01_MASTER_DATABASE'!B9)),ISNUMBER(SEARCH("Cầu",'01_MASTER_DATABASE'!B9))),">= 5,000,000",IF(ISNUMBER(SEARCH("Tầm trung",'01_MASTER_DATABASE'!B9)),"2,500,000 - 4,000,000","1,500,000 - 2,200,000"))
A13: ='01_MASTER_DATABASE'!C10 | B13: ='01_MASTER_DATABASE'!D10 | C13: ='01_MASTER_DATABASE'!B10 | D13: =IF(OR(ISNUMBER(SEARCH("Luxury",'01_MASTER_DATABASE'!B10)),ISNUMBER(SEARCH("Cầu",'01_MASTER_DATABASE'!B10))),"Cao (>= 120k/kg)",IF(ISNUMBER(SEARCH("Tầm trung",'01_MASTER_DATABASE'!B10)),"Trung bình (85k - 100k/kg)","Kinh tế (<= 85k/kg)")) | E13: =IF(OR(ISNUMBER(SEARCH("Luxury",'01_MASTER_DATABASE'!B10)),ISNUMBER(SEARCH("Cầu",'01_MASTER_DATABASE'!B10))),">= 5,000,000",IF(ISNUMBER(SEARCH("Tầm trung",'01_MASTER_DATABASE'!B10)),"2,500,000 - 4,000,000","1,500,000 - 2,200,000"))
A14: ='01_MASTER_DATABASE'!C11 | B14: ='01_MASTER_DATABASE'!D11 | C14: ='01_MASTER_DATABASE'!B11 | D14: =IF(OR(ISNUMBER(SEARCH("Luxury",'01_MASTER_DATABASE'!B11)),ISNUMBER(SEARCH("Cầu",'01_MASTER_DATABASE'!B11))),"Cao (>= 120k/kg)",IF(ISNUMBER(SEARCH("Tầm trung",'01_MASTER_DATABASE'!B11)),"Trung bình (85k - 100k/kg)","Kinh tế (<= 85k/kg)")) | E14: =IF(OR(ISNUMBER(SEARCH("Luxury",'01_MASTER_DATABASE'!B11)),ISNUMBER(SEARCH("Cầu",'01_MASTER_DATABASE'!B11))),">= 5,000,000",IF(ISNUMBER(SEARCH("Tầm trung",'01_MASTER_DATABASE'!B11)),"2,500,000 - 4,000,000","1,500,000 - 2,200,000"))
A15: ='01_MASTER_DATABASE'!C12 | B15: ='01_MASTER_DATABASE'!D12 | C15: ='01_MASTER_DATABASE'!B12 | D15: =IF(OR(ISNUMBER(SEARCH("Luxury",'01_MASTER_DATABASE'!B12)),ISNUMBER(SEARCH("Cầu",'01_MASTER_DATABASE'!B12))),"Cao (>= 120k/kg)",IF(ISNUMBER(SEARCH("Tầm trung",'01_MASTER_DATABASE'!B12)),"Trung bình (85k - 100k/kg)","Kinh tế (<= 85k/kg)")) | E15: =IF(OR(ISNUMBER(SEARCH("Luxury",'01_MASTER_DATABASE'!B12)),ISNUMBER(SEARCH("Cầu",'01_MASTER_DATABASE'!B12))),">= 5,000,000",IF(ISNUMBER(SEARCH("Tầm trung",'01_MASTER_DATABASE'!B12)),"2,500,000 - 4,000,000","1,500,000 - 2,200,000"))
A16: ='01_MASTER_DATABASE'!C13 | B16: ='01_MASTER_DATABASE'!D13 | C16: ='01_MASTER_DATABASE'!B13 | D16: =IF(OR(ISNUMBER(SEARCH("Luxury",'01_MASTER_DATABASE'!B13)),ISNUMBER(SEARCH("Cầu",'01_MASTER_DATABASE'!B13))),"Cao (>= 120k/kg)",IF(ISNUMBER(SEARCH("Tầm trung",'01_MASTER_DATABASE'!B13)),"Trung bình (85k - 100k/kg)","Kinh tế (<= 85k/kg)")) | E16: =IF(OR(ISNUMBER(SEARCH("Luxury",'01_MASTER_DATABASE'!B13)),ISNUMBER(SEARCH("Cầu",'01_MASTER_DATABASE'!B13))),">= 5,000,000",IF(ISNUMBER(SEARCH("Tầm trung",'01_MASTER_DATABASE'!B13)),"2,500,000 - 4,000,000","1,500,000 - 2,200,000"))
... A176: ='01_MASTER_DATABASE'!C173 | B176: ='01_MASTER_DATABASE'!D173 | C176: ='01_MASTER_DATABASE'!B173 | D176: =IF(OR(ISNUMBER(SEARCH("Luxury",'01_MASTER_DATABASE'!B173)),ISNUMBER(SEARCH("Cầu",'01_MASTER_DATABASE'!B173))),"Cao (>= 120k/kg)",IF(ISNUMBER(SEARCH("Tầm trung",'01_MASTER_DATABASE'!B173)),"Trung bình (85k - 100k/kg)","Kinh tế (<= 85k/kg)")) | E176: =IF(OR(ISNUMBER(SEARCH("Luxury",'01_MASTER_DATABASE'!B173)),ISNUMBER(SEARCH("Cầu",'01_MASTER_DATABASE'!B173))),">= 5,000,000",IF(ISNUMBER(SEARCH("Tầm trung",'01_MASTER_DATABASE'!B173)),"2,500,000 - 4,000,000","1,500,000 - 2,200,000"))

Sheet 16_SO SÁNH ƯU ĐIỂM
A1: DANH SÁCH CÁC ƯU ĐIỂM NỔI BẬT CỦA TỪNG HỆ
A4: Mã Hệ | B4: Hãng | C4: Ưu Điểm Nổi Bật
A5: ='01_MASTER_DATABASE'!C2 | B5: ='01_MASTER_DATABASE'!D2 | C5: ='01_MASTER_DATABASE'!T2
A6: ='01_MASTER_DATABASE'!C3 | B6: ='01_MASTER_DATABASE'!D3 | C6: ='01_MASTER_DATABASE'!T3
A7: ='01_MASTER_DATABASE'!C4 | B7: ='01_MASTER_DATABASE'!D4 | C7: ='01_MASTER_DATABASE'!T4
A8: ='01_MASTER_DATABASE'!C5 | B8: ='01_MASTER_DATABASE'!D5 | C8: ='01_MASTER_DATABASE'!T5
A9: ='01_MASTER_DATABASE'!C6 | B9: ='01_MASTER_DATABASE'!D6 | C9: ='01_MASTER_DATABASE'!T6
A10: ='01_MASTER_DATABASE'!C7 | B10: ='01_MASTER_DATABASE'!D7 | C10: ='01_MASTER_DATABASE'!T7
A11: ='01_MASTER_DATABASE'!C8 | B11: ='01_MASTER_DATABASE'!D8 | C11: ='01_MASTER_DATABASE'!T8
A12: ='01_MASTER_DATABASE'!C9 | B12: ='01_MASTER_DATABASE'!D9 | C12: ='01_MASTER_DATABASE'!T9
A13: ='01_MASTER_DATABASE'!C10 | B13: ='01_MASTER_DATABASE'!D10 | C13: ='01_MASTER_DATABASE'!T10
A14: ='01_MASTER_DATABASE'!C11 | B14: ='01_MASTER_DATABASE'!D11 | C14: ='01_MASTER_DATABASE'!T11
A15: ='01_MASTER_DATABASE'!C12 | B15: ='01_MASTER_DATABASE'!D12 | C15: ='01_MASTER_DATABASE'!T12
A16: ='01_MASTER_DATABASE'!C13 | B16: ='01_MASTER_DATABASE'!D13 | C16: ='01_MASTER_DATABASE'!T13
... A176: ='01_MASTER_DATABASE'!C173 | B176: ='01_MASTER_DATABASE'!D173 | C176: ='01_MASTER_DATABASE'!T173

Sheet 17_SO SÁNH NHƯỢC ĐIỂM
A1: DANH SÁCH CÁC NHƯỢC ĐIỂM / HẠN CHẾ R&D CỦA TỪNG HỆ
A4: Mã Hệ | B4: Hãng | C4: Hạn Chế Cần Lưu Ý
A5: ='01_MASTER_DATABASE'!C2 | B5: ='01_MASTER_DATABASE'!D2 | C5: ='01_MASTER_DATABASE'!U2
A6: ='01_MASTER_DATABASE'!C3 | B6: ='01_MASTER_DATABASE'!D3 | C6: ='01_MASTER_DATABASE'!U3
A7: ='01_MASTER_DATABASE'!C4 | B7: ='01_MASTER_DATABASE'!D4 | C7: ='01_MASTER_DATABASE'!U4
A8: ='01_MASTER_DATABASE'!C5 | B8: ='01_MASTER_DATABASE'!D5 | C8: ='01_MASTER_DATABASE'!U5
A9: ='01_MASTER_DATABASE'!C6 | B9: ='01_MASTER_DATABASE'!D6 | C9: ='01_MASTER_DATABASE'!U6
A10: ='01_MASTER_DATABASE'!C7 | B10: ='01_MASTER_DATABASE'!D7 | C10: ='01_MASTER_DATABASE'!U7
A11: ='01_MASTER_DATABASE'!C8 | B11: ='01_MASTER_DATABASE'!D8 | C11: ='01_MASTER_DATABASE'!U8
A12: ='01_MASTER_DATABASE'!C9 | B12: ='01_MASTER_DATABASE'!D9 | C12: ='01_MASTER_DATABASE'!U9
A13: ='01_MASTER_DATABASE'!C10 | B13: ='01_MASTER_DATABASE'!D10 | C13: ='01_MASTER_DATABASE'!U10
A14: ='01_MASTER_DATABASE'!C11 | B14: ='01_MASTER_DATABASE'!D11 | C14: ='01_MASTER_DATABASE'!U11
A15: ='01_MASTER_DATABASE'!C12 | B15: ='01_MASTER_DATABASE'!D12 | C15: ='01_MASTER_DATABASE'!U12
A16: ='01_MASTER_DATABASE'!C13 | B16: ='01_MASTER_DATABASE'!D13 | C16: ='01_MASTER_DATABASE'!U13
... A176: ='01_MASTER_DATABASE'!C173 | B176: ='01_MASTER_DATABASE'!D173 | C176: ='01_MASTER_DATABASE'!U173

Sheet 18_SO SÁNH TÀI LIỆU
A1: TÌNH TRẠNG CÓ SẴN TÀI LIỆU KỸ THUẬT VÀ BẢN VẼ
A4: Mã Hệ | B4: Hãng | C4: Bản Vẽ CAD (.dxf) | D4: Shopdrawing (.dwg) | E4: Bản Vẽ BIM / Revit | F4: Catalogue / Manual
A5: ='01_MASTER_DATABASE'!C2 | B5: ='01_MASTER_DATABASE'!D2 | C5: ='01_MASTER_DATABASE'!V2 | D5: ='01_MASTER_DATABASE'!W2 | E5: ✗ | F5: ='01_MASTER_DATABASE'!X2
A6: ='01_MASTER_DATABASE'!C3 | B6: ='01_MASTER_DATABASE'!D3 | C6: ='01_MASTER_DATABASE'!V3 | D6: ='01_MASTER_DATABASE'!W3 | E6: ✗ | F6: ='01_MASTER_DATABASE'!X3
A7: ='01_MASTER_DATABASE'!C4 | B7: ='01_MASTER_DATABASE'!D4 | C7: ='01_MASTER_DATABASE'!V4 | D7: ='01_MASTER_DATABASE'!W4 | E7: ✗ | F7: ='01_MASTER_DATABASE'!X4
A8: ='01_MASTER_DATABASE'!C5 | B8: ='01_MASTER_DATABASE'!D5 | C8: ='01_MASTER_DATABASE'!V5 | D8: ='01_MASTER_DATABASE'!W5 | E8: ✗ | F8: ='01_MASTER_DATABASE'!X5
A9: ='01_MASTER_DATABASE'!C6 | B9: ='01_MASTER_DATABASE'!D6 | C9: ='01_MASTER_DATABASE'!V6 | D9: ='01_MASTER_DATABASE'!W6 | E9: ✗ | F9: ='01_MASTER_DATABASE'!X6
A10: ='01_MASTER_DATABASE'!C7 | B10: ='01_MASTER_DATABASE'!D7 | C10: ='01_MASTER_DATABASE'!V7 | D10: ='01_MASTER_DATABASE'!W7 | E10: ✗ | F10: ='01_MASTER_DATABASE'!X7
A11: ='01_MASTER_DATABASE'!C8 | B11: ='01_MASTER_DATABASE'!D8 | C11: ='01_MASTER_DATABASE'!V8 | D11: ='01_MASTER_DATABASE'!W8 | E11: ✗ | F11: ='01_MASTER_DATABASE'!X8
A12: ='01_MASTER_DATABASE'!C9 | B12: ='01_MASTER_DATABASE'!D9 | C12: ='01_MASTER_DATABASE'!V9 | D12: ='01_MASTER_DATABASE'!W9 | E12: ✗ | F12: ='01_MASTER_DATABASE'!X9
A13: ='01_MASTER_DATABASE'!C10 | B13: ='01_MASTER_DATABASE'!D10 | C13: ='01_MASTER_DATABASE'!V10 | D13: ='01_MASTER_DATABASE'!W10 | E13: ✗ | F13: ='01_MASTER_DATABASE'!X10
A14: ='01_MASTER_DATABASE'!C11 | B14: ='01_MASTER_DATABASE'!D11 | C14: ='01_MASTER_DATABASE'!V11 | D14: ='01_MASTER_DATABASE'!W11 | E14: ✗ | F14: ='01_MASTER_DATABASE'!X11
A15: ='01_MASTER_DATABASE'!C12 | B15: ='01_MASTER_DATABASE'!D12 | C15: ='01_MASTER_DATABASE'!V12 | D15: ='01_MASTER_DATABASE'!W12 | E15: ✗ | F15: ='01_MASTER_DATABASE'!X12
A16: ='01_MASTER_DATABASE'!C13 | B16: ='01_MASTER_DATABASE'!D13 | C16: ='01_MASTER_DATABASE'!V13 | D16: ='01_MASTER_DATABASE'!W13 | E16: ✗ | F16: ='01_MASTER_DATABASE'!X13
... A176: ='01_MASTER_DATABASE'!C173 | B176: ='01_MASTER_DATABASE'!D173 | C176: ='01_MASTER_DATABASE'!V173 | D176: ='01_MASTER_DATABASE'!W173 | E176: ✗ | F176: ='01_MASTER_DATABASE'!X173

Sheet 19_SO SÁNH HÌNH ẢNH
A1: THƯ VIỆN HÌNH ẢNH MINH HỌA MẶT CẮT HỆ NHÔM
A4: Mã Hệ | B4: Hãng | C4: Vị Trí Lưu Trữ Ảnh Thumbnail | D4: Đường Dẫn File Thực Tế
A5: ='01_MASTER_DATABASE'!C2 | B5: ='01_MASTER_DATABASE'!D2 | C5: Thư mục 12_Hình ảnh & Video | D5: BaoCao_ThuVien_CuaNhom/THƯ VIỆN HỆ NHÔM SAO VÀNG/12_Hình ảnh & Video/Section_1.png
A6: ='01_MASTER_DATABASE'!C3 | B6: ='01_MASTER_DATABASE'!D3 | C6: Thư mục 12_Hình ảnh & Video | D6: BaoCao_ThuVien_CuaNhom/THƯ VIỆN HỆ NHÔM SAO VÀNG/12_Hình ảnh & Video/Section_2.png
A7: ='01_MASTER_DATABASE'!C4 | B7: ='01_MASTER_DATABASE'!D4 | C7: Thư mục 12_Hình ảnh & Video | D7: BaoCao_ThuVien_CuaNhom/THƯ VIỆN HỆ NHÔM SAO VÀNG/12_Hình ảnh & Video/Section_3.png
A8: ='01_MASTER_DATABASE'!C5 | B8: ='01_MASTER_DATABASE'!D5 | C8: Thư mục 12_Hình ảnh & Video | D8: BaoCao_ThuVien_CuaNhom/THƯ VIỆN HỆ NHÔM SAO VÀNG/12_Hình ảnh & Video/Section_4.png
A9: ='01_MASTER_DATABASE'!C6 | B9: ='01_MASTER_DATABASE'!D6 | C9: Thư mục 12_Hình ảnh & Video | D9: BaoCao_ThuVien_CuaNhom/THƯ VIỆN HỆ NHÔM SAO VÀNG/12_Hình ảnh & Video/Section_5.png
